21:06:07 [App     ] OpenMVS x64 v2.4.0 (e40f232*)
21:06:07 [App     ] Build date: Apr 29 2026, 18:17:41
21:06:07 [App     ] CPU: 13th Gen Intel(R) Core(TM) i7-13700KF (24 cores)
21:06:07 [App     ] RAM: 31.82GB Physical Memory 128.00TB Virtual Memory
21:06:07 [App     ] OS: Windows 11+ x64
21:06:07 [App     ] Disk: 29.96GB (953.60GB) space
21:06:07 [App     ] SSE & AVX compatible CPU & OS detected
21:06:07 [App     ] Command line: DensifyPointCloud scene.mvs --cuda-device -1 --resolution-level 1 --number-views 8 --estimate-roi 0 --crop-to-roi 0 --tower-mode 0
21:06:07 [Scene   ] Camera model loaded: platform 0; camera  0; f 0.607x0.607; poses 251
21:06:07 [Scene   ] Scene loaded in interface format from 'scene.mvs' (115ms):
	251 images (251 calibrated) with a total of 496.36 MPixels (1.98 MPixels/image)
	184554 points, 0 vertices, 0 faces
21:06:07 [PointCld] Point-cloud composed of 184554 points with:
 - visibility info (969998 views - 5.26 views/point):
	        0 points with 1- views (0.00%)
	    72477 points with 2  views (39.27%)
	    33298 points with 3  views (18.04%)
	    78779 points with 4+ views (42.69%)
	2 min / 5.2559 mean (6.35278 std) / 101 max
21:06:08 [ScnDense] Preparing images for dense reconstruction completed: 251 images (1s149ms)
21:06:09 [ScnDense] Selecting images for dense reconstruction completed: 251 images (309ms)
21:06:09 [App     ] CUDA device 0 initialized: NVIDIA GeForce RTX 4070 (compute capability 8.9; memory 11.99GB)
21:06:09 [ScnDense] Reference image   0 paired with 8 views
21:06:09 [ScnDense] Reference image  11 paired with 8 views
21:06:09 [PtchMtch] Depth-map for image   0 estimated using  8 images: 960x540 (100ms)
21:06:09 [ScnDense] Reference image  22 paired with 8 views
21:06:09 [PtchMtch] Depth-map for image  11 estimated using  8 images: 960x540 (89ms)
21:06:09 [ScnDense] Reference image  33 paired with 8 views
21:06:09 [PtchMtch] Depth-map for image  22 estimated using  8 images: 960x540 (96ms)
21:06:09 [ScnDense] Reference image 171 paired with 8 views
21:06:09 [PtchMtch] Depth-map for image  33 estimated using  8 images: 960x540 (85ms)
21:06:09 [ScnDense] Reference image 110 paired with 8 views
21:06:09 [PtchMtch] Depth-map for image 171 estimated using  8 images: 960x540 (84ms)
21:06:09 [ScnDense] Reference image  55 paired with 8 views
21:06:09 [PtchMtch] Depth-map for image 110 estimated using  8 images: 960x540 (81ms)
21:06:09 [ScnDense] Reference image 141 paired with 8 views
21:06:10 [PtchMtch] Depth-map for image  55 estimated using  8 images: 960x540 (85ms)
21:06:10 [ScnDense] Reference image  77 paired with 8 views
21:06:10 [PtchMtch] Depth-map for image 141 estimated using  8 images: 960x540 (89ms)
21:06:10 [ScnDense] Reference image  66 paired with 8 views
21:06:10 [PtchMtch] Depth-map for image  77 estimated using  8 images: 960x540 (83ms)
21:06:10 [ScnDense] Reference image  44 paired with 8 views
21:06:10 [PtchMtch] Depth-map for image  66 estimated using  8 images: 960x540 (78ms)
21:06:10 [ScnDense] Reference image 161 paired with 8 views
21:06:10 [PtchMtch] Depth-map for image  44 estimated using  8 images: 960x540 (74ms)
21:06:10 [ScnDense] Reference image 211 paired with 8 views
21:06:10 [PtchMtch] Depth-map for image 161 estimated using  8 images: 960x540 (83ms)
21:06:10 [ScnDense] Reference image 241 paired with 8 views
21:06:10 [PtchMtch] Depth-map for image 211 estimated using  8 images: 960x540 (85ms)
21:06:10 [ScnDense] Reference image 181 paired with 8 views
21:06:10 [PtchMtch] Depth-map for image 241 estimated using  8 images: 960x540 (90ms)
21:06:10 [ScnDense] Reference image 131 paired with 8 views
21:06:10 [PtchMtch] Depth-map for image 181 estimated using  8 images: 960x540 (87ms)
21:06:10 [ScnDense] Reference image 151 paired with 8 views
21:06:10 [PtchMtch] Depth-map for image 131 estimated using  8 images: 960x540 (88ms)
21:06:10 [ScnDense] Reference image 201 paired with 8 views
21:06:10 [PtchMtch] Depth-map for image 151 estimated using  8 images: 960x540 (95ms)
21:06:10 [ScnDense] Reference image  99 paired with 8 views
21:06:10 [PtchMtch] Depth-map for image 201 estimated using  8 images: 960x540 (87ms)
21:06:11 [ScnDense] Reference image 221 paired with 8 views
21:06:11 [PtchMtch] Depth-map for image  99 estimated using  8 images: 960x540 (85ms)
21:06:11 [ScnDense] Reference image 231 paired with 8 views
21:06:11 [PtchMtch] Depth-map for image 221 estimated using  8 images: 960x540 (86ms)
21:06:11 [ScnDense] Reference image 121 paired with 8 views
21:06:11 [PtchMtch] Depth-map for image 231 estimated using  8 images: 960x540 (85ms)
21:06:11 [ScnDense] Reference image 191 paired with 8 views
21:06:11 [PtchMtch] Depth-map for image 121 estimated using  8 images: 960x540 (82ms)
21:06:11 [ScnDense] Reference image  88 paired with 8 views
21:06:11 [PtchMtch] Depth-map for image 191 estimated using  8 images: 960x540 (94ms)
21:06:11 [ScnDense] Reference image 162 paired with 8 views
21:06:11 [PtchMtch] Depth-map for image  88 estimated using  8 images: 960x540 (82ms)
21:06:11 [ScnDense] Reference image 142 paired with 8 views
21:06:11 [PtchMtch] Depth-map for image 162 estimated using  8 images: 960x540 (103ms)
21:06:11 [ScnDense] Reference image  34 paired with 8 views
21:06:11 [PtchMtch] Depth-map for image 142 estimated using  8 images: 960x540 (94ms)
21:06:11 [ScnDense] Reference image  23 paired with 8 views
21:06:11 [PtchMtch] Depth-map for image  34 estimated using  8 images: 960x540 (95ms)
21:06:11 [ScnDense] Reference image  89 paired with 8 views
21:06:12 [PtchMtch] Depth-map for image  23 estimated using  8 images: 960x540 (94ms)
21:06:12 [ScnDense] Reference image 111 paired with 8 views
21:06:12 [PtchMtch] Depth-map for image  89 estimated using  8 images: 960x540 (83ms)
21:06:12 [ScnDense] Reference image 182 paired with 8 views
21:06:12 [PtchMtch] Depth-map for image 111 estimated using  8 images: 960x540 (83ms)
21:06:12 [ScnDense] Reference image 212 paired with 8 views
21:06:12 [PtchMtch] Depth-map for image 182 estimated using  8 images: 960x540 (89ms)
21:06:12 [ScnDense] Reference image 192 paired with 8 views
21:06:12 [PtchMtch] Depth-map for image 212 estimated using  8 images: 960x540 (90ms)
21:06:12 [ScnDense] Reference image 242 paired with 8 views
21:06:12 [PtchMtch] Depth-map for image 192 estimated using  8 images: 960x540 (94ms)
21:06:12 [ScnDense] Reference image 100 paired with 8 views
21:06:12 [PtchMtch] Depth-map for image 242 estimated using  8 images: 960x540 (84ms)
21:06:12 [ScnDense] Reference image 232 paired with 8 views
21:06:12 [PtchMtch] Depth-map for image 100 estimated using  8 images: 960x540 (87ms)
21:06:12 [ScnDense] Reference image 152 paired with 8 views
21:06:12 [PtchMtch] Depth-map for image 232 estimated using  8 images: 960x540 (88ms)
21:06:12 [ScnDense] Reference image  67 paired with 8 views
21:06:12 [PtchMtch] Depth-map for image 152 estimated using  8 images: 960x540 (90ms)
21:06:13 [ScnDense] Reference image  78 paired with 8 views
21:06:13 [PtchMtch] Depth-map for image  67 estimated using  8 images: 960x540 (85ms)
21:06:13 [ScnDense] Reference image  45 paired with 8 views
21:06:13 [PtchMtch] Depth-map for image  78 estimated using  8 images: 960x540 (84ms)
21:06:13 [ScnDense] Reference image  12 paired with 8 views
21:06:13 [PtchMtch] Depth-map for image  45 estimated using  8 images: 960x540 (85ms)
21:06:13 [ScnDense] Reference image 222 paired with 8 views
21:06:13 [PtchMtch] Depth-map for image  12 estimated using  8 images: 960x540 (82ms)
21:06:13 [ScnDense] Reference image 202 paired with 8 views
21:06:13 [PtchMtch] Depth-map for image 222 estimated using  8 images: 960x540 (88ms)
21:06:13 [ScnDense] Reference image 132 paired with 8 views
21:06:13 [PtchMtch] Depth-map for image 202 estimated using  8 images: 960x540 (79ms)
21:06:13 [ScnDense] Reference image   1 paired with 8 views
21:06:13 [PtchMtch] Depth-map for image 132 estimated using  8 images: 960x540 (103ms)
21:06:13 [ScnDense] Reference image 172 paired with 8 views
21:06:13 [PtchMtch] Depth-map for image   1 estimated using  8 images: 960x540 (95ms)
21:06:13 [ScnDense] Reference image  56 paired with 8 views
21:06:13 [PtchMtch] Depth-map for image 172 estimated using  8 images: 960x540 (94ms)
21:06:14 [ScnDense] Reference image 122 paired with 8 views
21:06:14 [PtchMtch] Depth-map for image  56 estimated using  8 images: 960x540 (84ms)
21:06:14 [ScnDense] Reference image 163 paired with 8 views
21:06:14 [PtchMtch] Depth-map for image 122 estimated using  8 images: 960x540 (82ms)
21:06:14 [ScnDense] Reference image  35 paired with 8 views
21:06:14 [PtchMtch] Depth-map for image 163 estimated using  8 images: 960x540 (88ms)
21:06:14 [ScnDense] Reference image  90 paired with 8 views
21:06:14 [PtchMtch] Depth-map for image  35 estimated using  8 images: 960x540 (83ms)
21:06:14 [ScnDense] Reference image  24 paired with 8 views
21:06:14 [PtchMtch] Depth-map for image  90 estimated using  8 images: 960x540 (86ms)
21:06:14 [ScnDense] Reference image 112 paired with 8 views
21:06:14 [PtchMtch] Depth-map for image  24 estimated using  8 images: 960x540 (84ms)
21:06:14 [ScnDense] Reference image 143 paired with 8 views
21:06:14 [PtchMtch] Depth-map for image 112 estimated using  8 images: 960x540 (82ms)
21:06:14 [ScnDense] Reference image 153 paired with 8 views
21:06:14 [PtchMtch] Depth-map for image 143 estimated using  8 images: 960x540 (83ms)
21:06:14 [ScnDense] Reference image 183 paired with 8 views
21:06:14 [PtchMtch] Depth-map for image 153 estimated using  8 images: 960x540 (99ms)
21:06:14 [ScnDense] Reference image 233 paired with 8 views
21:06:14 [PtchMtch] Depth-map for image 183 estimated using  8 images: 960x540 (116ms)
21:06:14 [ScnDense] Reference image 173 paired with 8 views
21:06:15 [PtchMtch] Depth-map for image 233 estimated using  8 images: 960x540 (82ms)
21:06:15 [ScnDense] Reference image 243 paired with 8 views
21:06:15 [PtchMtch] Depth-map for image 173 estimated using  8 images: 960x540 (91ms)
21:06:15 [ScnDense] Reference image   2 paired with 8 views
21:06:15 [PtchMtch] Depth-map for image 243 estimated using  8 images: 960x540 (84ms)
21:06:15 [ScnDense] Reference image 203 paired with 8 views
21:06:15 [PtchMtch] Depth-map for image   2 estimated using  8 images: 960x540 (86ms)
21:06:15 [ScnDense] Reference image 213 paired with 8 views
21:06:15 [PtchMtch] Depth-map for image 203 estimated using  8 images: 960x540 (83ms)
21:06:15 [ScnDense] Reference image  57 paired with 8 views
21:06:15 [PtchMtch] Depth-map for image 213 estimated using  8 images: 960x540 (89ms)
21:06:15 [ScnDense] Reference image 101 paired with 8 views
21:06:15 [PtchMtch] Depth-map for image  57 estimated using  8 images: 960x540 (86ms)
21:06:15 [ScnDense] Reference image  68 paired with 8 views
21:06:15 [PtchMtch] Depth-map for image 101 estimated using  8 images: 960x540 (87ms)
21:06:15 [ScnDense] Reference image 123 paired with 8 views
21:06:15 [PtchMtch] Depth-map for image  68 estimated using  8 images: 960x540 (82ms)
21:06:15 [ScnDense] Reference image 193 paired with 8 views
21:06:15 [PtchMtch] Depth-map for image 123 estimated using  8 images: 960x540 (87ms)
21:06:15 [ScnDense] Reference image 223 paired with 8 views
21:06:15 [PtchMtch] Depth-map for image 193 estimated using  8 images: 960x540 (104ms)
21:06:15 [ScnDense] Reference image  79 paired with 8 views
21:06:16 [PtchMtch] Depth-map for image 223 estimated using  8 images: 960x540 (97ms)
21:06:16 [ScnDense] Reference image  13 paired with 8 views
21:06:16 [PtchMtch] Depth-map for image  79 estimated using  8 images: 960x540 (81ms)
21:06:16 [ScnDense] Reference image  46 paired with 8 views
21:06:16 [PtchMtch] Depth-map for image  13 estimated using  8 images: 960x540 (84ms)
21:06:16 [ScnDense] Reference image 133 paired with 8 views
21:06:16 [PtchMtch] Depth-map for image  46 estimated using  8 images: 960x540 (80ms)
21:06:16 [ScnDense] Reference image 164 paired with 8 views
21:06:16 [PtchMtch] Depth-map for image 133 estimated using  8 images: 960x540 (92ms)
21:06:16 [ScnDense] Reference image  36 paired with 8 views
21:06:16 [PtchMtch] Depth-map for image 164 estimated using  8 images: 960x540 (85ms)
21:06:16 [ScnDense] Reference image  25 paired with 8 views
21:06:16 [PtchMtch] Depth-map for image  36 estimated using  8 images: 960x540 (80ms)
21:06:16 [ScnDense] Reference image  91 paired with 8 views
21:06:16 [PtchMtch] Depth-map for image  25 estimated using  8 images: 960x540 (82ms)
21:06:16 [ScnDense] Reference image 154 paired with 8 views
21:06:16 [PtchMtch] Depth-map for image  91 estimated using  8 images: 960x540 (92ms)
21:06:16 [ScnDense] Reference image 184 paired with 8 views
21:06:16 [PtchMtch] Depth-map for image 154 estimated using  8 images: 960x540 (91ms)
21:06:16 [ScnDense] Reference image 204 paired with 8 views
21:06:16 [PtchMtch] Depth-map for image 184 estimated using  8 images: 960x540 (93ms)
21:06:16 [ScnDense] Reference image 113 paired with 8 views
21:06:17 [PtchMtch] Depth-map for image 204 estimated using  8 images: 960x540 (92ms)
21:06:17 [ScnDense] Reference image  69 paired with 8 views
21:06:17 [PtchMtch] Depth-map for image 113 estimated using  8 images: 960x540 (79ms)
21:06:17 [ScnDense] Reference image 174 paired with 8 views
21:06:17 [PtchMtch] Depth-map for image  69 estimated using  8 images: 960x540 (81ms)
21:06:17 [ScnDense] Reference image   3 paired with 8 views
21:06:17 [PtchMtch] Depth-map for image 174 estimated using  8 images: 960x540 (90ms)
21:06:17 [ScnDense] Reference image  14 paired with 8 views
21:06:17 [PtchMtch] Depth-map for image   3 estimated using  8 images: 960x540 (86ms)
21:06:17 [ScnDense] Reference image  80 paired with 8 views
21:06:17 [PtchMtch] Depth-map for image  14 estimated using  8 images: 960x540 (82ms)
21:06:17 [ScnDense] Reference image 194 paired with 8 views
21:06:17 [PtchMtch] Depth-map for image  80 estimated using  8 images: 960x540 (87ms)
21:06:17 [ScnDense] Reference image 244 paired with 8 views
21:06:17 [PtchMtch] Depth-map for image 194 estimated using  8 images: 960x540 (87ms)
21:06:17 [ScnDense] Reference image 214 paired with 8 views
21:06:17 [PtchMtch] Depth-map for image 244 estimated using  8 images: 960x540 (83ms)
21:06:17 [ScnDense] Reference image 224 paired with 8 views
21:06:17 [PtchMtch] Depth-map for image 214 estimated using  8 images: 960x540 (85ms)
21:06:17 [ScnDense] Reference image 144 paired with 8 views
21:06:17 [PtchMtch] Depth-map for image 224 estimated using  8 images: 960x540 (87ms)
21:06:17 [ScnDense] Reference image  47 paired with 8 views
21:06:17 [PtchMtch] Depth-map for image 144 estimated using  8 images: 960x540 (86ms)
21:06:18 [ScnDense] Reference image 102 paired with 8 views
21:06:18 [PtchMtch] Depth-map for image  47 estimated using  8 images: 960x540 (80ms)
21:06:18 [ScnDense] Reference image  58 paired with 8 views
21:06:18 [PtchMtch] Depth-map for image 102 estimated using  8 images: 960x540 (83ms)
21:06:18 [ScnDense] Reference image 234 paired with 8 views
21:06:18 [PtchMtch] Depth-map for image  58 estimated using  8 images: 960x540 (88ms)
21:06:18 [ScnDense] Reference image 124 paired with 8 views
21:06:18 [PtchMtch] Depth-map for image 234 estimated using  8 images: 960x540 (84ms)
21:06:18 [ScnDense] Reference image 134 paired with 8 views
21:06:18 [PtchMtch] Depth-map for image 124 estimated using  8 images: 960x540 (81ms)
21:06:18 [ScnDense] Reference image 165 paired with 8 views
21:06:18 [PtchMtch] Depth-map for image 134 estimated using  8 images: 960x540 (88ms)
21:06:18 [ScnDense] Reference image  92 paired with 8 views
21:06:18 [PtchMtch] Depth-map for image 165 estimated using  8 images: 960x540 (89ms)
21:06:18 [ScnDense] Reference image  26 paired with 8 views
21:06:18 [PtchMtch] Depth-map for image  92 estimated using  8 images: 960x540 (93ms)
21:06:18 [ScnDense] Reference image  37 paired with 8 views
21:06:18 [PtchMtch] Depth-map for image  26 estimated using  8 images: 960x540 (83ms)
21:06:18 [ScnDense] Reference image 155 paired with 8 views
21:06:18 [PtchMtch] Depth-map for image  37 estimated using  8 images: 960x540 (84ms)
21:06:18 [ScnDense] Reference image 185 paired with 8 views
21:06:18 [PtchMtch] Depth-map for image 155 estimated using  8 images: 960x540 (90ms)
21:06:18 [ScnDense] Reference image 205 paired with 8 views
21:06:19 [PtchMtch] Depth-map for image 185 estimated using  8 images: 960x540 (91ms)
21:06:19 [ScnDense] Reference image 114 paired with 8 views
21:06:19 [PtchMtch] Depth-map for image 205 estimated using  8 images: 960x540 (88ms)
21:06:19 [ScnDense] Reference image  70 paired with 8 views
21:06:19 [PtchMtch] Depth-map for image 114 estimated using  8 images: 960x540 (82ms)
21:06:19 [ScnDense] Reference image 175 paired with 8 views
21:06:19 [PtchMtch] Depth-map for image  70 estimated using  8 images: 960x540 (85ms)
21:06:19 [ScnDense] Reference image   4 paired with 8 views
21:06:19 [PtchMtch] Depth-map for image 175 estimated using  8 images: 960x540 (94ms)
21:06:19 [ScnDense] Reference image  59 paired with 8 views
21:06:19 [PtchMtch] Depth-map for image   4 estimated using  8 images: 960x540 (89ms)
21:06:19 [ScnDense] Reference image  15 paired with 8 views
21:06:19 [PtchMtch] Depth-map for image  59 estimated using  8 images: 960x540 (84ms)
21:06:19 [ScnDense] Reference image 195 paired with 8 views
21:06:19 [PtchMtch] Depth-map for image  15 estimated using  8 images: 960x540 (86ms)
21:06:19 [ScnDense] Reference image 235 paired with 8 views
21:06:19 [PtchMtch] Depth-map for image 195 estimated using  8 images: 960x540 (86ms)
21:06:19 [ScnDense] Reference image 125 paired with 8 views
21:06:19 [PtchMtch] Depth-map for image 235 estimated using  8 images: 960x540 (87ms)
21:06:19 [ScnDense] Reference image  81 paired with 8 views
21:06:19 [PtchMtch] Depth-map for image 125 estimated using  8 images: 960x540 (82ms)
21:06:19 [ScnDense] Reference image 145 paired with 8 views
21:06:20 [PtchMtch] Depth-map for image  81 estimated using  8 images: 960x540 (89ms)
21:06:20 [ScnDense] Reference image  48 paired with 8 views
21:06:20 [PtchMtch] Depth-map for image 145 estimated using  8 images: 960x540 (86ms)
21:06:20 [ScnDense] Reference image 135 paired with 8 views
21:06:20 [PtchMtch] Depth-map for image  48 estimated using  8 images: 960x540 (82ms)
21:06:20 [ScnDense] Reference image 215 paired with 8 views
21:06:20 [PtchMtch] Depth-map for image 135 estimated using  8 images: 960x540 (106ms)
21:06:20 [ScnDense] Reference image 245 paired with 8 views
21:06:20 [PtchMtch] Depth-map for image 215 estimated using  8 images: 960x540 (90ms)
21:06:20 [ScnDense] Reference image 103 paired with 8 views
21:06:20 [PtchMtch] Depth-map for image 245 estimated using  8 images: 960x540 (84ms)
21:06:20 [ScnDense] Reference image 225 paired with 8 views
21:06:20 [PtchMtch] Depth-map for image 103 estimated using  8 images: 960x540 (84ms)
21:06:20 [ScnDense] Reference image 166 paired with 8 views
21:06:20 [PtchMtch] Depth-map for image 225 estimated using  8 images: 960x540 (87ms)
21:06:20 [ScnDense] Reference image  93 paired with 8 views
21:06:21 [PtchMtch] Depth-map for image 166 estimated using  8 images: 960x540 (87ms)
21:06:21 [ScnDense] Reference image  27 paired with 8 views
21:06:21 [PtchMtch] Depth-map for image  93 estimated using  8 images: 960x540 (90ms)
21:06:21 [ScnDense] Reference image  38 paired with 8 views
21:06:21 [PtchMtch] Depth-map for image  27 estimated using  8 images: 960x540 (84ms)
21:06:21 [ScnDense] Reference image 156 paired with 8 views
21:06:21 [PtchMtch] Depth-map for image  38 estimated using  8 images: 960x540 (82ms)
21:06:21 [ScnDense] Reference image 176 paired with 8 views
21:06:21 [PtchMtch] Depth-map for image 156 estimated using  8 images: 960x540 (88ms)
21:06:21 [ScnDense] Reference image 186 paired with 8 views
21:06:21 [PtchMtch] Depth-map for image 176 estimated using  8 images: 960x540 (89ms)
21:06:21 [ScnDense] Reference image  71 paired with 8 views
21:06:21 [PtchMtch] Depth-map for image 186 estimated using  8 images: 960x540 (92ms)
21:06:21 [ScnDense] Reference image 206 paired with 8 views
21:06:21 [PtchMtch] Depth-map for image  71 estimated using  8 images: 960x540 (84ms)
21:06:21 [ScnDense] Reference image  60 paired with 8 views
21:06:21 [PtchMtch] Depth-map for image 206 estimated using  8 images: 960x540 (85ms)
21:06:21 [ScnDense] Reference image   5 paired with 8 views
21:06:21 [PtchMtch] Depth-map for image  60 estimated using  8 images: 960x540 (87ms)
21:06:21 [ScnDense] Reference image 196 paired with 8 views
21:06:21 [PtchMtch] Depth-map for image   5 estimated using  8 images: 960x540 (86ms)
21:06:21 [ScnDense] Reference image 236 paired with 8 views
21:06:22 [PtchMtch] Depth-map for image 196 estimated using  8 images: 960x540 (85ms)
21:06:22 [ScnDense] Reference image 246 paired with 8 views
21:06:22 [PtchMtch] Depth-map for image 236 estimated using  8 images: 960x540 (92ms)
21:06:22 [ScnDense] Reference image 216 paired with 8 views
21:06:22 [PtchMtch] Depth-map for image 246 estimated using  8 images: 960x540 (85ms)
21:06:22 [ScnDense] Reference image  16 paired with 8 views
21:06:22 [PtchMtch] Depth-map for image 216 estimated using  8 images: 960x540 (86ms)
21:06:22 [ScnDense] Reference image  49 paired with 8 views
21:06:22 [PtchMtch] Depth-map for image  16 estimated using  8 images: 960x540 (88ms)
21:06:22 [ScnDense] Reference image 226 paired with 8 views
21:06:22 [PtchMtch] Depth-map for image  49 estimated using  8 images: 960x540 (81ms)
21:06:22 [ScnDense] Reference image 115 paired with 8 views
21:06:22 [PtchMtch] Depth-map for image 226 estimated using  8 images: 960x540 (84ms)
21:06:22 [ScnDense] Reference image  82 paired with 8 views
21:06:22 [PtchMtch] Depth-map for image 115 estimated using  8 images: 960x540 (83ms)
21:06:22 [ScnDense] Reference image 126 paired with 8 views
21:06:22 [PtchMtch] Depth-map for image  82 estimated using  8 images: 960x540 (88ms)
21:06:22 [ScnDense] Reference image 136 paired with 8 views
21:06:22 [PtchMtch] Depth-map for image 126 estimated using  8 images: 960x540 (83ms)
21:06:22 [ScnDense] Reference image 104 paired with 8 views
21:06:22 [PtchMtch] Depth-map for image 136 estimated using  8 images: 960x540 (83ms)
21:06:22 [ScnDense] Reference image 167 paired with 8 views
21:06:23 [PtchMtch] Depth-map for image 104 estimated using  8 images: 960x540 (85ms)
21:06:23 [ScnDense] Reference image 146 paired with 8 views
21:06:23 [PtchMtch] Depth-map for image 167 estimated using  8 images: 960x540 (88ms)
21:06:23 [ScnDense] Reference image  28 paired with 8 views
21:06:23 [PtchMtch] Depth-map for image 146 estimated using  8 images: 960x540 (93ms)
21:06:23 [ScnDense] Reference image  39 paired with 8 views
21:06:23 [PtchMtch] Depth-map for image  28 estimated using  8 images: 960x540 (91ms)
21:06:23 [ScnDense] Reference image 157 paired with 8 views
21:06:23 [PtchMtch] Depth-map for image  39 estimated using  8 images: 960x540 (86ms)
21:06:23 [ScnDense] Reference image  94 paired with 8 views
21:06:23 [PtchMtch] Depth-map for image 157 estimated using  8 images: 960x540 (87ms)
21:06:23 [ScnDense] Reference image 177 paired with 8 views
21:06:23 [PtchMtch] Depth-map for image  94 estimated using  8 images: 960x540 (89ms)
21:06:23 [ScnDense] Reference image 207 paired with 8 views
21:06:23 [PtchMtch] Depth-map for image 177 estimated using  8 images: 960x540 (92ms)
21:06:23 [ScnDense] Reference image  61 paired with 8 views
21:06:23 [PtchMtch] Depth-map for image 207 estimated using  8 images: 960x540 (89ms)
21:06:23 [ScnDense] Reference image  72 paired with 8 views
21:06:23 [PtchMtch] Depth-map for image  61 estimated using  8 images: 960x540 (86ms)
21:06:23 [ScnDense] Reference image 187 paired with 8 views
21:06:23 [PtchMtch] Depth-map for image  72 estimated using  8 images: 960x540 (82ms)
21:06:23 [ScnDense] Reference image 217 paired with 8 views
21:06:24 [PtchMtch] Depth-map for image 187 estimated using  8 images: 960x540 (90ms)
21:06:24 [ScnDense] Reference image 197 paired with 8 views
21:06:24 [PtchMtch] Depth-map for image 217 estimated using  8 images: 960x540 (85ms)
21:06:24 [ScnDense] Reference image  50 paired with 8 views
21:06:24 [PtchMtch] Depth-map for image 197 estimated using  8 images: 960x540 (86ms)
21:06:24 [ScnDense] Reference image  17 paired with 8 views
21:06:24 [PtchMtch] Depth-map for image  50 estimated using  8 images: 960x540 (85ms)
21:06:24 [ScnDense] Reference image  83 paired with 8 views
21:06:24 [PtchMtch] Depth-map for image  17 estimated using  8 images: 960x540 (92ms)
21:06:24 [ScnDense] Reference image 237 paired with 8 views
21:06:24 [PtchMtch] Depth-map for image  83 estimated using  8 images: 960x540 (84ms)
21:06:24 [ScnDense] Reference image 227 paired with 8 views
21:06:24 [PtchMtch] Depth-map for image 237 estimated using  8 images: 960x540 (90ms)
21:06:24 [ScnDense] Reference image 105 paired with 8 views
21:06:24 [PtchMtch] Depth-map for image 227 estimated using  8 images: 960x540 (88ms)
21:06:24 [ScnDense] Reference image 116 paired with 8 views
21:06:24 [PtchMtch] Depth-map for image 105 estimated using  8 images: 960x540 (104ms)
21:06:24 [ScnDense] Reference image 247 paired with 8 views
21:06:24 [PtchMtch] Depth-map for image 116 estimated using  8 images: 960x540 (88ms)
21:06:24 [ScnDense] Reference image 147 paired with 8 views
21:06:24 [PtchMtch] Depth-map for image 247 estimated using  8 images: 960x540 (86ms)
21:06:24 [ScnDense] Reference image   6 paired with 8 views
21:06:25 [PtchMtch] Depth-map for image 147 estimated using  8 images: 960x540 (92ms)
21:06:25 [ScnDense] Reference image 127 paired with 8 views
21:06:25 [PtchMtch] Depth-map for image   6 estimated using  8 images: 960x540 (84ms)
21:06:25 [ScnDense] Reference image  29 paired with 8 views
21:06:25 [PtchMtch] Depth-map for image 127 estimated using  8 images: 960x540 (82ms)
21:06:25 [ScnDense] Reference image 137 paired with 8 views
21:06:25 [PtchMtch] Depth-map for image  29 estimated using  8 images: 960x540 (85ms)
21:06:25 [ScnDense] Reference image 168 paired with 8 views
21:06:25 [PtchMtch] Depth-map for image 137 estimated using  8 images: 960x540 (92ms)
21:06:25 [ScnDense] Reference image  40 paired with 8 views
21:06:25 [PtchMtch] Depth-map for image 168 estimated using  8 images: 960x540 (90ms)
21:06:25 [ScnDense] Reference image 178 paired with 8 views
21:06:25 [PtchMtch] Depth-map for image  40 estimated using  8 images: 960x540 (89ms)
21:06:25 [ScnDense] Reference image  95 paired with 8 views
21:06:25 [PtchMtch] Depth-map for image 178 estimated using  8 images: 960x540 (95ms)
21:06:25 [ScnDense] Reference image 158 paired with 8 views
21:06:25 [PtchMtch] Depth-map for image  95 estimated using  8 images: 960x540 (88ms)
21:06:25 [ScnDense] Reference image 208 paired with 8 views
21:06:25 [PtchMtch] Depth-map for image 158 estimated using  8 images: 960x540 (90ms)
21:06:25 [ScnDense] Reference image  73 paired with 8 views
21:06:25 [PtchMtch] Depth-map for image 208 estimated using  8 images: 960x540 (87ms)
21:06:25 [ScnDense] Reference image  62 paired with 8 views
21:06:26 [PtchMtch] Depth-map for image  73 estimated using  8 images: 960x540 (81ms)
21:06:26 [ScnDense] Reference image 188 paired with 8 views
21:06:26 [PtchMtch] Depth-map for image  62 estimated using  8 images: 960x540 (87ms)
21:06:26 [ScnDense] Reference image 198 paired with 8 views
21:06:26 [PtchMtch] Depth-map for image 188 estimated using  8 images: 960x540 (94ms)
21:06:26 [ScnDense] Reference image  18 paired with 8 views
21:06:26 [PtchMtch] Depth-map for image 198 estimated using  8 images: 960x540 (88ms)
21:06:26 [ScnDense] Reference image  51 paired with 8 views
21:06:26 [PtchMtch] Depth-map for image  18 estimated using  8 images: 960x540 (92ms)
21:06:26 [ScnDense] Reference image 218 paired with 8 views
21:06:26 [PtchMtch] Depth-map for image  51 estimated using  8 images: 960x540 (85ms)
21:06:26 [ScnDense] Reference image  84 paired with 8 views
21:06:26 [PtchMtch] Depth-map for image 218 estimated using  8 images: 960x540 (87ms)
21:06:26 [ScnDense] Reference image 238 paired with 8 views
21:06:26 [PtchMtch] Depth-map for image  84 estimated using  8 images: 960x540 (86ms)
21:06:26 [ScnDense] Reference image 106 paired with 8 views
21:06:26 [PtchMtch] Depth-map for image 238 estimated using  8 images: 960x540 (120ms)
21:06:26 [ScnDense] Reference image 148 paired with 8 views
21:06:26 [PtchMtch] Depth-map for image 106 estimated using  8 images: 960x540 (85ms)
21:06:26 [ScnDense] Reference image  30 paired with 8 views
21:06:26 [PtchMtch] Depth-map for image 148 estimated using  8 images: 960x540 (94ms)
21:06:27 [ScnDense] Reference image 228 paired with 8 views
21:06:27 [PtchMtch] Depth-map for image  30 estimated using  8 images: 960x540 (86ms)
21:06:27 [ScnDense] Reference image 117 paired with 8 views
21:06:27 [PtchMtch] Depth-map for image 228 estimated using  8 images: 960x540 (83ms)
21:06:27 [ScnDense] Reference image   7 paired with 8 views
21:06:27 [PtchMtch] Depth-map for image 117 estimated using  8 images: 960x540 (81ms)
21:06:27 [ScnDense] Reference image 128 paired with 8 views
21:06:27 [PtchMtch] Depth-map for image   7 estimated using  8 images: 960x540 (86ms)
21:06:27 [ScnDense] Reference image 169 paired with 8 views
21:06:27 [PtchMtch] Depth-map for image 128 estimated using  8 images: 960x540 (82ms)
21:06:27 [ScnDense] Reference image 248 paired with 8 views
21:06:27 [PtchMtch] Depth-map for image 169 estimated using  8 images: 960x540 (93ms)
21:06:27 [ScnDense] Reference image  41 paired with 8 views
21:06:27 [PtchMtch] Depth-map for image 248 estimated using  8 images: 960x540 (81ms)
21:06:27 [ScnDense] Reference image 138 paired with 8 views
21:06:27 [PtchMtch] Depth-map for image  41 estimated using  8 images: 960x540 (82ms)
21:06:27 [ScnDense] Reference image 179 paired with 8 views
21:06:27 [PtchMtch] Depth-map for image 138 estimated using  8 images: 960x540 (96ms)
21:06:27 [ScnDense] Reference image  96 paired with 8 views
21:06:27 [PtchMtch] Depth-map for image 179 estimated using  8 images: 960x540 (90ms)
21:06:27 [ScnDense] Reference image 189 paired with 8 views
21:06:27 [PtchMtch] Depth-map for image  96 estimated using  8 images: 960x540 (87ms)
21:06:27 [ScnDense] Reference image  63 paired with 8 views
21:06:28 [PtchMtch] Depth-map for image 189 estimated using  8 images: 960x540 (88ms)
21:06:28 [ScnDense] Reference image  19 paired with 8 views
21:06:28 [PtchMtch] Depth-map for image  63 estimated using  8 images: 960x540 (80ms)
21:06:28 [ScnDense] Reference image  74 paired with 8 views
21:06:28 [PtchMtch] Depth-map for image  19 estimated using  8 images: 960x540 (90ms)
21:06:28 [ScnDense] Reference image 209 paired with 8 views
21:06:28 [PtchMtch] Depth-map for image  74 estimated using  8 images: 960x540 (81ms)
21:06:28 [ScnDense] Reference image 199 paired with 8 views
21:06:28 [PtchMtch] Depth-map for image 209 estimated using  8 images: 960x540 (85ms)
21:06:28 [ScnDense] Reference image 159 paired with 8 views
21:06:28 [PtchMtch] Depth-map for image 199 estimated using  8 images: 960x540 (84ms)
21:06:28 [ScnDense] Reference image 219 paired with 8 views
21:06:28 [PtchMtch] Depth-map for image 159 estimated using  8 images: 960x540 (94ms)
21:06:28 [ScnDense] Reference image  52 paired with 8 views
21:06:28 [PtchMtch] Depth-map for image 219 estimated using  8 images: 960x540 (85ms)
21:06:28 [ScnDense] Reference image  85 paired with 8 views
21:06:28 [PtchMtch] Depth-map for image  52 estimated using  8 images: 960x540 (94ms)
21:06:29 [ScnDense] Reference image 149 paired with 8 views
21:06:29 [PtchMtch] Depth-map for image  85 estimated using  8 images: 960x540 (93ms)
21:06:29 [ScnDense] Reference image 229 paired with 8 views
21:06:29 [PtchMtch] Depth-map for image 149 estimated using  8 images: 960x540 (88ms)
21:06:29 [ScnDense] Reference image 239 paired with 8 views
21:06:29 [PtchMtch] Depth-map for image 229 estimated using  8 images: 960x540 (82ms)
21:06:29 [ScnDense] Reference image 107 paired with 8 views
21:06:29 [PtchMtch] Depth-map for image 239 estimated using  8 images: 960x540 (89ms)
21:06:29 [ScnDense] Reference image   8 paired with 8 views
21:06:29 [PtchMtch] Depth-map for image 107 estimated using  8 images: 960x540 (83ms)
21:06:29 [ScnDense] Reference image 129 paired with 8 views
21:06:29 [PtchMtch] Depth-map for image   8 estimated using  8 images: 960x540 (94ms)
21:06:29 [ScnDense] Reference image 118 paired with 8 views
21:06:29 [PtchMtch] Depth-map for image 129 estimated using  8 images: 960x540 (82ms)
21:06:29 [ScnDense] Reference image 170 paired with 8 views
21:06:29 [PtchMtch] Depth-map for image 118 estimated using  8 images: 960x540 (82ms)
21:06:29 [ScnDense] Reference image 249 paired with 8 views
21:06:29 [PtchMtch] Depth-map for image 170 estimated using  8 images: 960x540 (86ms)
21:06:29 [ScnDense] Reference image  31 paired with 8 views
21:06:29 [PtchMtch] Depth-map for image 249 estimated using  8 images: 960x540 (81ms)
21:06:29 [ScnDense] Reference image 139 paired with 8 views
21:06:30 [PtchMtch] Depth-map for image  31 estimated using  8 images: 960x540 (84ms)
21:06:30 [ScnDense] Reference image  42 paired with 8 views
21:06:30 [PtchMtch] Depth-map for image 139 estimated using  8 images: 960x540 (90ms)
21:06:30 [ScnDense] Reference image 180 paired with 8 views
21:06:30 [PtchMtch] Depth-map for image  42 estimated using  8 images: 960x540 (82ms)
21:06:30 [ScnDense] Reference image 190 paired with 8 views
21:06:30 [PtchMtch] Depth-map for image 180 estimated using  8 images: 960x540 (89ms)
21:06:30 [ScnDense] Reference image  97 paired with 8 views
21:06:30 [PtchMtch] Depth-map for image 190 estimated using  8 images: 960x540 (92ms)
21:06:30 [ScnDense] Reference image  64 paired with 8 views
21:06:30 [PtchMtch] Depth-map for image  97 estimated using  8 images: 960x540 (86ms)
21:06:30 [ScnDense] Reference image  75 paired with 8 views
21:06:30 [PtchMtch] Depth-map for image  64 estimated using  8 images: 960x540 (80ms)
21:06:30 [ScnDense] Reference image  20 paired with 8 views
21:06:30 [PtchMtch] Depth-map for image  75 estimated using  8 images: 960x540 (86ms)
21:06:30 [ScnDense] Reference image 210 paired with 8 views
21:06:30 [PtchMtch] Depth-map for image  20 estimated using  8 images: 960x540 (85ms)
21:06:30 [ScnDense] Reference image 160 paired with 8 views
21:06:30 [PtchMtch] Depth-map for image 210 estimated using  8 images: 960x540 (86ms)
21:06:30 [ScnDense] Reference image 200 paired with 8 views
21:06:30 [PtchMtch] Depth-map for image 160 estimated using  8 images: 960x540 (83ms)
21:06:30 [ScnDense] Reference image  53 paired with 8 views
21:06:30 [PtchMtch] Depth-map for image 200 estimated using  8 images: 960x540 (88ms)
21:06:30 [ScnDense] Reference image 220 paired with 8 views
21:06:31 [PtchMtch] Depth-map for image  53 estimated using  8 images: 960x540 (84ms)
21:06:31 [ScnDense] Reference image  86 paired with 8 views
21:06:31 [PtchMtch] Depth-map for image 220 estimated using  8 images: 960x540 (85ms)
21:06:31 [ScnDense] Reference image 230 paired with 8 views
21:06:31 [PtchMtch] Depth-map for image  86 estimated using  8 images: 960x540 (85ms)
21:06:31 [ScnDense] Reference image 240 paired with 8 views
21:06:31 [PtchMtch] Depth-map for image 230 estimated using  8 images: 960x540 (83ms)
21:06:31 [ScnDense] Reference image 108 paired with 8 views
21:06:31 [PtchMtch] Depth-map for image 240 estimated using  8 images: 960x540 (84ms)
21:06:31 [ScnDense] Reference image 130 paired with 8 views
21:06:31 [PtchMtch] Depth-map for image 108 estimated using  8 images: 960x540 (85ms)
21:06:31 [ScnDense] Reference image   9 paired with 8 views
21:06:31 [PtchMtch] Depth-map for image 130 estimated using  8 images: 960x540 (84ms)
21:06:31 [ScnDense] Reference image 119 paired with 8 views
21:06:31 [PtchMtch] Depth-map for image   9 estimated using  8 images: 960x540 (91ms)
21:06:31 [ScnDense] Reference image  32 paired with 8 views
21:06:31 [PtchMtch] Depth-map for image 119 estimated using  8 images: 960x540 (88ms)
21:06:31 [ScnDense] Reference image 150 paired with 8 views
21:06:31 [PtchMtch] Depth-map for image  32 estimated using  8 images: 960x540 (89ms)
21:06:31 [ScnDense] Reference image 250 paired with 8 views
21:06:31 [PtchMtch] Depth-map for image 150 estimated using  8 images: 960x540 (85ms)
21:06:31 [ScnDense] Reference image  43 paired with 8 views
21:06:32 [PtchMtch] Depth-map for image 250 estimated using  8 images: 960x540 (83ms)
21:06:32 [ScnDense] Reference image 140 paired with 8 views
21:06:32 [PtchMtch] Depth-map for image  43 estimated using  8 images: 960x540 (75ms)
21:06:32 [ScnDense] Reference image  98 paired with 8 views
21:06:32 [PtchMtch] Depth-map for image 140 estimated using  8 images: 960x540 (89ms)
21:06:32 [ScnDense] Reference image  21 paired with 8 views
21:06:32 [PtchMtch] Depth-map for image  98 estimated using  8 images: 960x540 (83ms)
21:06:32 [ScnDense] Reference image  76 paired with 8 views
21:06:32 [PtchMtch] Depth-map for image  21 estimated using  8 images: 960x540 (87ms)
21:06:32 [ScnDense] Reference image  65 paired with 8 views
21:06:32 [PtchMtch] Depth-map for image  76 estimated using  8 images: 960x540 (85ms)
21:06:32 [ScnDense] Reference image  54 paired with 8 views
21:06:32 [PtchMtch] Depth-map for image  65 estimated using  8 images: 960x540 (83ms)
21:06:32 [ScnDense] Reference image  87 paired with 8 views
21:06:32 [PtchMtch] Depth-map for image  54 estimated using  8 images: 960x540 (84ms)
21:06:32 [ScnDense] Reference image 120 paired with 8 views
21:06:32 [PtchMtch] Depth-map for image  87 estimated using  8 images: 960x540 (83ms)
21:06:32 [ScnDense] Reference image 109 paired with 8 views
21:06:32 [PtchMtch] Depth-map for image 120 estimated using  8 images: 960x540 (83ms)
21:06:32 [ScnDense] Reference image  10 paired with 8 views
21:06:32 [PtchMtch] Depth-map for image 109 estimated using  8 images: 960x540 (78ms)
21:06:32 [PtchMtch] Depth-map for image  10 estimated using  8 images: 960x540 (84ms)
21:06:32 [ScnDense] Reference image   0 paired with 8 views
21:06:33 [ScnDense] Reference image  11 paired with 8 views
21:06:33 [PtchMtch] Depth-map for image   0 estimated using  8 images: 960x540 (40ms)
21:06:33 [ScnDense] Reference image  22 paired with 8 views
21:06:33 [PtchMtch] Depth-map for image  11 estimated using  8 images: 960x540 (35ms)
21:06:33 [ScnDense] Reference image  33 paired with 8 views
21:06:33 [PtchMtch] Depth-map for image  22 estimated using  8 images: 960x540 (36ms)
21:06:33 [ScnDense] Reference image 171 paired with 8 views
21:06:33 [PtchMtch] Depth-map for image  33 estimated using  8 images: 960x540 (36ms)
21:06:33 [ScnDense] Reference image 110 paired with 8 views
21:06:33 [PtchMtch] Depth-map for image 171 estimated using  8 images: 960x540 (36ms)
21:06:33 [ScnDense] Reference image  55 paired with 8 views
21:06:33 [PtchMtch] Depth-map for image 110 estimated using  8 images: 960x540 (32ms)
21:06:33 [ScnDense] Reference image 141 paired with 8 views
21:06:33 [PtchMtch] Depth-map for image  55 estimated using  8 images: 960x540 (33ms)
21:06:33 [ScnDense] Reference image  77 paired with 8 views
21:06:33 [PtchMtch] Depth-map for image 141 estimated using  8 images: 960x540 (41ms)
21:06:33 [ScnDense] Reference image  66 paired with 8 views
21:06:33 [PtchMtch] Depth-map for image  77 estimated using  8 images: 960x540 (36ms)
21:06:33 [ScnDense] Reference image  44 paired with 8 views
21:06:33 [PtchMtch] Depth-map for image  66 estimated using  8 images: 960x540 (53ms)
21:06:33 [ScnDense] Reference image 161 paired with 8 views
21:06:33 [PtchMtch] Depth-map for image  44 estimated using  8 images: 960x540 (34ms)
21:06:33 [ScnDense] Reference image 211 paired with 8 views
21:06:33 [PtchMtch] Depth-map for image 161 estimated using  8 images: 960x540 (38ms)
21:06:33 [ScnDense] Reference image 241 paired with 8 views
21:06:33 [PtchMtch] Depth-map for image 211 estimated using  8 images: 960x540 (37ms)
21:06:33 [ScnDense] Reference image 181 paired with 8 views
21:06:33 [PtchMtch] Depth-map for image 241 estimated using  8 images: 960x540 (39ms)
21:06:33 [ScnDense] Reference image 131 paired with 8 views
21:06:33 [PtchMtch] Depth-map for image 181 estimated using  8 images: 960x540 (46ms)
21:06:33 [ScnDense] Reference image 151 paired with 8 views
21:06:33 [PtchMtch] Depth-map for image 131 estimated using  8 images: 960x540 (40ms)
21:06:33 [ScnDense] Reference image 201 paired with 8 views
21:06:33 [PtchMtch] Depth-map for image 151 estimated using  8 images: 960x540 (44ms)
21:06:33 [ScnDense] Reference image  99 paired with 8 views
21:06:33 [PtchMtch] Depth-map for image 201 estimated using  8 images: 960x540 (37ms)
21:06:33 [ScnDense] Reference image 221 paired with 8 views
21:06:33 [PtchMtch] Depth-map for image  99 estimated using  8 images: 960x540 (37ms)
21:06:33 [ScnDense] Reference image 231 paired with 8 views
21:06:33 [PtchMtch] Depth-map for image 221 estimated using  8 images: 960x540 (45ms)
21:06:33 [ScnDense] Reference image 121 paired with 8 views
21:06:33 [PtchMtch] Depth-map for image 231 estimated using  8 images: 960x540 (44ms)
21:06:33 [ScnDense] Reference image 191 paired with 8 views
21:06:33 [PtchMtch] Depth-map for image 121 estimated using  8 images: 960x540 (34ms)
21:06:33 [ScnDense] Reference image  88 paired with 8 views
21:06:33 [PtchMtch] Depth-map for image 191 estimated using  8 images: 960x540 (40ms)
21:06:33 [ScnDense] Reference image 162 paired with 8 views
21:06:33 [PtchMtch] Depth-map for image  88 estimated using  8 images: 960x540 (39ms)
21:06:34 [ScnDense] Reference image 142 paired with 8 views
21:06:34 [PtchMtch] Depth-map for image 162 estimated using  8 images: 960x540 (40ms)
21:06:34 [ScnDense] Reference image  34 paired with 8 views
21:06:34 [PtchMtch] Depth-map for image 142 estimated using  8 images: 960x540 (42ms)
21:06:34 [ScnDense] Reference image  23 paired with 8 views
21:06:34 [PtchMtch] Depth-map for image  34 estimated using  8 images: 960x540 (43ms)
21:06:34 [ScnDense] Reference image  89 paired with 8 views
21:06:34 [PtchMtch] Depth-map for image  23 estimated using  8 images: 960x540 (41ms)
21:06:34 [ScnDense] Reference image 111 paired with 8 views
21:06:34 [PtchMtch] Depth-map for image  89 estimated using  8 images: 960x540 (38ms)
21:06:34 [ScnDense] Reference image 182 paired with 8 views
21:06:34 [PtchMtch] Depth-map for image 111 estimated using  8 images: 960x540 (36ms)
21:06:34 [ScnDense] Reference image 212 paired with 8 views
21:06:34 [PtchMtch] Depth-map for image 182 estimated using  8 images: 960x540 (43ms)
21:06:34 [ScnDense] Reference image 192 paired with 8 views
21:06:34 [PtchMtch] Depth-map for image 212 estimated using  8 images: 960x540 (43ms)
21:06:34 [ScnDense] Reference image 242 paired with 8 views
21:06:34 [PtchMtch] Depth-map for image 192 estimated using  8 images: 960x540 (42ms)
21:06:34 [ScnDense] Reference image 100 paired with 8 views
21:06:34 [PtchMtch] Depth-map for image 242 estimated using  8 images: 960x540 (43ms)
21:06:34 [ScnDense] Reference image 232 paired with 8 views
21:06:34 [PtchMtch] Depth-map for image 100 estimated using  8 images: 960x540 (40ms)
21:06:34 [ScnDense] Reference image 152 paired with 8 views
21:06:34 [PtchMtch] Depth-map for image 232 estimated using  8 images: 960x540 (38ms)
21:06:34 [ScnDense] Reference image  67 paired with 8 views
21:06:34 [PtchMtch] Depth-map for image 152 estimated using  8 images: 960x540 (43ms)
21:06:34 [ScnDense] Reference image  78 paired with 8 views
21:06:34 [PtchMtch] Depth-map for image  67 estimated using  8 images: 960x540 (38ms)
21:06:34 [ScnDense] Reference image  45 paired with 8 views
21:06:34 [PtchMtch] Depth-map for image  78 estimated using  8 images: 960x540 (33ms)
21:06:34 [ScnDense] Reference image  12 paired with 8 views
21:06:34 [PtchMtch] Depth-map for image  45 estimated using  8 images: 960x540 (32ms)
21:06:34 [ScnDense] Reference image 222 paired with 8 views
21:06:34 [PtchMtch] Depth-map for image  12 estimated using  8 images: 960x540 (34ms)
21:06:34 [ScnDense] Reference image 202 paired with 8 views
21:06:34 [PtchMtch] Depth-map for image 222 estimated using  8 images: 960x540 (34ms)
21:06:34 [ScnDense] Reference image 132 paired with 8 views
21:06:34 [PtchMtch] Depth-map for image 202 estimated using  8 images: 960x540 (34ms)
21:06:34 [ScnDense] Reference image   1 paired with 8 views
21:06:34 [PtchMtch] Depth-map for image 132 estimated using  8 images: 960x540 (36ms)
21:06:34 [ScnDense] Reference image 172 paired with 8 views
21:06:34 [PtchMtch] Depth-map for image   1 estimated using  8 images: 960x540 (38ms)
21:06:34 [ScnDense] Reference image  56 paired with 8 views
21:06:34 [PtchMtch] Depth-map for image 172 estimated using  8 images: 960x540 (38ms)
21:06:34 [ScnDense] Reference image 122 paired with 8 views
21:06:34 [PtchMtch] Depth-map for image  56 estimated using  8 images: 960x540 (36ms)
21:06:34 [ScnDense] Reference image 163 paired with 8 views
21:06:34 [PtchMtch] Depth-map for image 122 estimated using  8 images: 960x540 (33ms)
21:06:34 [ScnDense] Reference image  35 paired with 8 views
21:06:34 [PtchMtch] Depth-map for image 163 estimated using  8 images: 960x540 (41ms)
21:06:35 [ScnDense] Reference image  90 paired with 8 views
21:06:35 [PtchMtch] Depth-map for image  35 estimated using  8 images: 960x540 (36ms)
21:06:35 [ScnDense] Reference image  24 paired with 8 views
21:06:35 [PtchMtch] Depth-map for image  90 estimated using  8 images: 960x540 (40ms)
21:06:35 [ScnDense] Reference image 112 paired with 8 views
21:06:35 [PtchMtch] Depth-map for image  24 estimated using  8 images: 960x540 (38ms)
21:06:35 [ScnDense] Reference image 143 paired with 8 views
21:06:35 [PtchMtch] Depth-map for image 112 estimated using  8 images: 960x540 (35ms)
21:06:35 [ScnDense] Reference image 153 paired with 8 views
21:06:35 [PtchMtch] Depth-map for image 143 estimated using  8 images: 960x540 (37ms)
21:06:35 [ScnDense] Reference image 183 paired with 8 views
21:06:35 [PtchMtch] Depth-map for image 153 estimated using  8 images: 960x540 (44ms)
21:06:35 [ScnDense] Reference image 233 paired with 8 views
21:06:35 [PtchMtch] Depth-map for image 183 estimated using  8 images: 960x540 (43ms)
21:06:35 [ScnDense] Reference image 173 paired with 8 views
21:06:35 [PtchMtch] Depth-map for image 233 estimated using  8 images: 960x540 (40ms)
21:06:35 [ScnDense] Reference image 243 paired with 8 views
21:06:35 [PtchMtch] Depth-map for image 173 estimated using  8 images: 960x540 (40ms)
21:06:35 [ScnDense] Reference image   2 paired with 8 views
21:06:35 [PtchMtch] Depth-map for image 243 estimated using  8 images: 960x540 (38ms)
21:06:35 [ScnDense] Reference image 203 paired with 8 views
21:06:35 [PtchMtch] Depth-map for image   2 estimated using  8 images: 960x540 (37ms)
21:06:35 [ScnDense] Reference image 213 paired with 8 views
21:06:35 [PtchMtch] Depth-map for image 203 estimated using  8 images: 960x540 (33ms)
21:06:35 [ScnDense] Reference image  57 paired with 8 views
21:06:35 [PtchMtch] Depth-map for image 213 estimated using  8 images: 960x540 (41ms)
21:06:35 [ScnDense] Reference image 101 paired with 8 views
21:06:35 [PtchMtch] Depth-map for image  57 estimated using  8 images: 960x540 (38ms)
21:06:35 [ScnDense] Reference image  68 paired with 8 views
21:06:35 [PtchMtch] Depth-map for image 101 estimated using  8 images: 960x540 (38ms)
21:06:35 [ScnDense] Reference image 123 paired with 8 views
21:06:35 [PtchMtch] Depth-map for image  68 estimated using  8 images: 960x540 (36ms)
21:06:35 [ScnDense] Reference image 193 paired with 8 views
21:06:35 [PtchMtch] Depth-map for image 123 estimated using  8 images: 960x540 (38ms)
21:06:35 [ScnDense] Reference image 223 paired with 8 views
21:06:35 [PtchMtch] Depth-map for image 193 estimated using  8 images: 960x540 (45ms)
21:06:35 [ScnDense] Reference image  79 paired with 8 views
21:06:35 [PtchMtch] Depth-map for image 223 estimated using  8 images: 960x540 (41ms)
21:06:35 [ScnDense] Reference image  13 paired with 8 views
21:06:35 [PtchMtch] Depth-map for image  79 estimated using  8 images: 960x540 (32ms)
21:06:35 [ScnDense] Reference image  46 paired with 8 views
21:06:35 [PtchMtch] Depth-map for image  13 estimated using  8 images: 960x540 (33ms)
21:06:35 [ScnDense] Reference image 133 paired with 8 views
21:06:35 [PtchMtch] Depth-map for image  46 estimated using  8 images: 960x540 (31ms)
21:06:35 [ScnDense] Reference image 164 paired with 8 views
21:06:35 [PtchMtch] Depth-map for image 133 estimated using  8 images: 960x540 (41ms)
21:06:35 [ScnDense] Reference image  36 paired with 8 views
21:06:35 [PtchMtch] Depth-map for image 164 estimated using  8 images: 960x540 (41ms)
21:06:35 [ScnDense] Reference image  25 paired with 8 views
21:06:36 [PtchMtch] Depth-map for image  36 estimated using  8 images: 960x540 (36ms)
21:06:36 [ScnDense] Reference image  91 paired with 8 views
21:06:36 [PtchMtch] Depth-map for image  25 estimated using  8 images: 960x540 (33ms)
21:06:36 [ScnDense] Reference image 154 paired with 8 views
21:06:36 [PtchMtch] Depth-map for image  91 estimated using  8 images: 960x540 (43ms)
21:06:36 [ScnDense] Reference image 184 paired with 8 views
21:06:36 [PtchMtch] Depth-map for image 154 estimated using  8 images: 960x540 (46ms)
21:06:36 [ScnDense] Reference image 204 paired with 8 views
21:06:36 [PtchMtch] Depth-map for image 184 estimated using  8 images: 960x540 (45ms)
21:06:36 [ScnDense] Reference image 113 paired with 8 views
21:06:36 [PtchMtch] Depth-map for image 204 estimated using  8 images: 960x540 (46ms)
21:06:36 [ScnDense] Reference image  69 paired with 8 views
21:06:36 [PtchMtch] Depth-map for image 113 estimated using  8 images: 960x540 (34ms)
21:06:36 [ScnDense] Reference image 174 paired with 8 views
21:06:36 [PtchMtch] Depth-map for image  69 estimated using  8 images: 960x540 (34ms)
21:06:36 [ScnDense] Reference image   3 paired with 8 views
21:06:36 [PtchMtch] Depth-map for image 174 estimated using  8 images: 960x540 (42ms)
21:06:36 [ScnDense] Reference image  14 paired with 8 views
21:06:36 [PtchMtch] Depth-map for image   3 estimated using  8 images: 960x540 (38ms)
21:06:36 [ScnDense] Reference image  80 paired with 8 views
21:06:36 [PtchMtch] Depth-map for image  14 estimated using  8 images: 960x540 (35ms)
21:06:36 [ScnDense] Reference image 194 paired with 8 views
21:06:36 [PtchMtch] Depth-map for image  80 estimated using  8 images: 960x540 (33ms)
21:06:36 [ScnDense] Reference image 244 paired with 8 views
21:06:36 [PtchMtch] Depth-map for image 194 estimated using  8 images: 960x540 (40ms)
21:06:36 [ScnDense] Reference image 214 paired with 8 views
21:06:36 [PtchMtch] Depth-map for image 244 estimated using  8 images: 960x540 (40ms)
21:06:36 [ScnDense] Reference image 224 paired with 8 views
21:06:36 [PtchMtch] Depth-map for image 214 estimated using  8 images: 960x540 (40ms)
21:06:36 [ScnDense] Reference image 144 paired with 8 views
21:06:36 [PtchMtch] Depth-map for image 224 estimated using  8 images: 960x540 (39ms)
21:06:36 [ScnDense] Reference image  47 paired with 8 views
21:06:36 [PtchMtch] Depth-map for image 144 estimated using  8 images: 960x540 (35ms)
21:06:36 [ScnDense] Reference image 102 paired with 8 views
21:06:36 [PtchMtch] Depth-map for image  47 estimated using  8 images: 960x540 (32ms)
21:06:36 [ScnDense] Reference image  58 paired with 8 views
21:06:36 [PtchMtch] Depth-map for image 102 estimated using  8 images: 960x540 (32ms)
21:06:36 [ScnDense] Reference image 234 paired with 8 views
21:06:36 [PtchMtch] Depth-map for image  58 estimated using  8 images: 960x540 (37ms)
21:06:36 [ScnDense] Reference image 124 paired with 8 views
21:06:36 [PtchMtch] Depth-map for image 234 estimated using  8 images: 960x540 (35ms)
21:06:36 [ScnDense] Reference image 134 paired with 8 views
21:06:36 [PtchMtch] Depth-map for image 124 estimated using  8 images: 960x540 (35ms)
21:06:36 [ScnDense] Reference image 165 paired with 8 views
21:06:36 [PtchMtch] Depth-map for image 134 estimated using  8 images: 960x540 (40ms)
21:06:36 [ScnDense] Reference image  92 paired with 8 views
21:06:36 [PtchMtch] Depth-map for image 165 estimated using  8 images: 960x540 (47ms)
21:06:36 [ScnDense] Reference image  26 paired with 8 views
21:06:36 [PtchMtch] Depth-map for image  92 estimated using  8 images: 960x540 (46ms)
21:06:36 [ScnDense] Reference image  37 paired with 8 views
21:06:37 [PtchMtch] Depth-map for image  26 estimated using  8 images: 960x540 (38ms)
21:06:37 [ScnDense] Reference image 155 paired with 8 views
21:06:37 [PtchMtch] Depth-map for image  37 estimated using  8 images: 960x540 (32ms)
21:06:37 [ScnDense] Reference image 185 paired with 8 views
21:06:37 [PtchMtch] Depth-map for image 155 estimated using  8 images: 960x540 (38ms)
21:06:37 [ScnDense] Reference image 205 paired with 8 views
21:06:37 [PtchMtch] Depth-map for image 185 estimated using  8 images: 960x540 (43ms)
21:06:37 [ScnDense] Reference image 114 paired with 8 views
21:06:37 [PtchMtch] Depth-map for image 205 estimated using  8 images: 960x540 (38ms)
21:06:37 [ScnDense] Reference image  70 paired with 8 views
21:06:37 [PtchMtch] Depth-map for image 114 estimated using  8 images: 960x540 (36ms)
21:06:37 [ScnDense] Reference image 175 paired with 8 views
21:06:37 [PtchMtch] Depth-map for image  70 estimated using  8 images: 960x540 (35ms)
21:06:37 [ScnDense] Reference image   4 paired with 8 views
21:06:37 [PtchMtch] Depth-map for image 175 estimated using  8 images: 960x540 (41ms)
21:06:37 [ScnDense] Reference image  59 paired with 8 views
21:06:37 [PtchMtch] Depth-map for image   4 estimated using  8 images: 960x540 (38ms)
21:06:37 [ScnDense] Reference image  15 paired with 8 views
21:06:37 [PtchMtch] Depth-map for image  59 estimated using  8 images: 960x540 (36ms)
21:06:37 [ScnDense] Reference image 195 paired with 8 views
21:06:37 [PtchMtch] Depth-map for image  15 estimated using  8 images: 960x540 (38ms)
21:06:37 [ScnDense] Reference image 235 paired with 8 views
21:06:37 [PtchMtch] Depth-map for image 195 estimated using  8 images: 960x540 (39ms)
21:06:37 [ScnDense] Reference image 125 paired with 8 views
21:06:37 [PtchMtch] Depth-map for image 235 estimated using  8 images: 960x540 (39ms)
21:06:37 [ScnDense] Reference image  81 paired with 8 views
21:06:37 [PtchMtch] Depth-map for image 125 estimated using  8 images: 960x540 (36ms)
21:06:37 [ScnDense] Reference image 145 paired with 8 views
21:06:37 [PtchMtch] Depth-map for image  81 estimated using  8 images: 960x540 (33ms)
21:06:37 [ScnDense] Reference image  48 paired with 8 views
21:06:37 [PtchMtch] Depth-map for image 145 estimated using  8 images: 960x540 (37ms)
21:06:37 [ScnDense] Reference image 135 paired with 8 views
21:06:37 [PtchMtch] Depth-map for image  48 estimated using  8 images: 960x540 (41ms)
21:06:37 [ScnDense] Reference image 215 paired with 8 views
21:06:37 [PtchMtch] Depth-map for image 135 estimated using  8 images: 960x540 (39ms)
21:06:37 [ScnDense] Reference image 245 paired with 8 views
21:06:37 [PtchMtch] Depth-map for image 215 estimated using  8 images: 960x540 (60ms)
21:06:37 [ScnDense] Reference image 103 paired with 8 views
21:06:37 [PtchMtch] Depth-map for image 245 estimated using  8 images: 960x540 (36ms)
21:06:37 [ScnDense] Reference image 225 paired with 8 views
21:06:37 [PtchMtch] Depth-map for image 103 estimated using  8 images: 960x540 (33ms)
21:06:37 [ScnDense] Reference image 166 paired with 8 views
21:06:37 [PtchMtch] Depth-map for image 225 estimated using  8 images: 960x540 (35ms)
21:06:37 [ScnDense] Reference image  93 paired with 8 views
21:06:37 [PtchMtch] Depth-map for image 166 estimated using  8 images: 960x540 (41ms)
21:06:37 [ScnDense] Reference image  27 paired with 8 views
21:06:37 [PtchMtch] Depth-map for image  93 estimated using  8 images: 960x540 (41ms)
21:06:37 [ScnDense] Reference image  38 paired with 8 views
21:06:37 [PtchMtch] Depth-map for image  27 estimated using  8 images: 960x540 (37ms)
21:06:38 [ScnDense] Reference image 156 paired with 8 views
21:06:38 [PtchMtch] Depth-map for image  38 estimated using  8 images: 960x540 (41ms)
21:06:38 [ScnDense] Reference image 176 paired with 8 views
21:06:38 [PtchMtch] Depth-map for image 156 estimated using  8 images: 960x540 (43ms)
21:06:38 [ScnDense] Reference image 186 paired with 8 views
21:06:38 [PtchMtch] Depth-map for image 176 estimated using  8 images: 960x540 (44ms)
21:06:38 [ScnDense] Reference image  71 paired with 8 views
21:06:38 [PtchMtch] Depth-map for image 186 estimated using  8 images: 960x540 (43ms)
21:06:38 [ScnDense] Reference image 206 paired with 8 views
21:06:38 [PtchMtch] Depth-map for image  71 estimated using  8 images: 960x540 (37ms)
21:06:38 [ScnDense] Reference image  60 paired with 8 views
21:06:38 [PtchMtch] Depth-map for image 206 estimated using  8 images: 960x540 (34ms)
21:06:38 [ScnDense] Reference image   5 paired with 8 views
21:06:38 [PtchMtch] Depth-map for image  60 estimated using  8 images: 960x540 (36ms)
21:06:38 [ScnDense] Reference image 196 paired with 8 views
21:06:38 [PtchMtch] Depth-map for image   5 estimated using  8 images: 960x540 (35ms)
21:06:38 [ScnDense] Reference image 236 paired with 8 views
21:06:38 [PtchMtch] Depth-map for image 196 estimated using  8 images: 960x540 (37ms)
21:06:38 [ScnDense] Reference image 246 paired with 8 views
21:06:38 [PtchMtch] Depth-map for image 236 estimated using  8 images: 960x540 (41ms)
21:06:38 [ScnDense] Reference image 216 paired with 8 views
21:06:38 [PtchMtch] Depth-map for image 246 estimated using  8 images: 960x540 (38ms)
21:06:38 [ScnDense] Reference image  16 paired with 8 views
21:06:38 [PtchMtch] Depth-map for image 216 estimated using  8 images: 960x540 (40ms)
21:06:38 [ScnDense] Reference image  49 paired with 8 views
21:06:38 [PtchMtch] Depth-map for image  16 estimated using  8 images: 960x540 (40ms)
21:06:38 [ScnDense] Reference image 226 paired with 8 views
21:06:38 [PtchMtch] Depth-map for image  49 estimated using  8 images: 960x540 (36ms)
21:06:38 [ScnDense] Reference image 115 paired with 8 views
21:06:38 [PtchMtch] Depth-map for image 226 estimated using  8 images: 960x540 (36ms)
21:06:38 [ScnDense] Reference image  82 paired with 8 views
21:06:38 [PtchMtch] Depth-map for image 115 estimated using  8 images: 960x540 (34ms)
21:06:38 [ScnDense] Reference image 126 paired with 8 views
21:06:38 [PtchMtch] Depth-map for image  82 estimated using  8 images: 960x540 (33ms)
21:06:38 [ScnDense] Reference image 136 paired with 8 views
21:06:38 [PtchMtch] Depth-map for image 126 estimated using  8 images: 960x540 (32ms)
21:06:38 [ScnDense] Reference image 104 paired with 8 views
21:06:38 [PtchMtch] Depth-map for image 136 estimated using  8 images: 960x540 (34ms)
21:06:38 [ScnDense] Reference image 167 paired with 8 views
21:06:38 [PtchMtch] Depth-map for image 104 estimated using  8 images: 960x540 (35ms)
21:06:38 [ScnDense] Reference image 146 paired with 8 views
21:06:38 [PtchMtch] Depth-map for image 167 estimated using  8 images: 960x540 (35ms)
21:06:38 [ScnDense] Reference image  28 paired with 8 views
21:06:38 [PtchMtch] Depth-map for image 146 estimated using  8 images: 960x540 (70ms)
21:06:38 [ScnDense] Reference image  39 paired with 8 views
21:06:38 [PtchMtch] Depth-map for image  28 estimated using  8 images: 960x540 (48ms)
21:06:38 [ScnDense] Reference image 157 paired with 8 views
21:06:38 [PtchMtch] Depth-map for image  39 estimated using  8 images: 960x540 (39ms)
21:06:38 [ScnDense] Reference image  94 paired with 8 views
21:06:39 [PtchMtch] Depth-map for image 157 estimated using  8 images: 960x540 (40ms)
21:06:39 [ScnDense] Reference image 177 paired with 8 views
21:06:39 [PtchMtch] Depth-map for image  94 estimated using  8 images: 960x540 (41ms)
21:06:39 [ScnDense] Reference image 207 paired with 8 views
21:06:39 [PtchMtch] Depth-map for image 177 estimated using  8 images: 960x540 (46ms)
21:06:39 [ScnDense] Reference image  61 paired with 8 views
21:06:39 [PtchMtch] Depth-map for image 207 estimated using  8 images: 960x540 (39ms)
21:06:39 [ScnDense] Reference image  72 paired with 8 views
21:06:39 [PtchMtch] Depth-map for image  61 estimated using  8 images: 960x540 (36ms)
21:06:39 [ScnDense] Reference image 187 paired with 8 views
21:06:39 [PtchMtch] Depth-map for image  72 estimated using  8 images: 960x540 (31ms)
21:06:39 [ScnDense] Reference image 217 paired with 8 views
21:06:39 [PtchMtch] Depth-map for image 187 estimated using  8 images: 960x540 (43ms)
21:06:39 [ScnDense] Reference image 197 paired with 8 views
21:06:39 [PtchMtch] Depth-map for image 217 estimated using  8 images: 960x540 (47ms)
21:06:39 [ScnDense] Reference image  50 paired with 8 views
21:06:39 [PtchMtch] Depth-map for image 197 estimated using  8 images: 960x540 (38ms)
21:06:39 [ScnDense] Reference image  17 paired with 8 views
21:06:39 [PtchMtch] Depth-map for image  50 estimated using  8 images: 960x540 (34ms)
21:06:39 [ScnDense] Reference image  83 paired with 8 views
21:06:39 [PtchMtch] Depth-map for image  17 estimated using  8 images: 960x540 (41ms)
21:06:39 [ScnDense] Reference image 237 paired with 8 views
21:06:39 [PtchMtch] Depth-map for image  83 estimated using  8 images: 960x540 (40ms)
21:06:39 [ScnDense] Reference image 227 paired with 8 views
21:06:39 [PtchMtch] Depth-map for image 237 estimated using  8 images: 960x540 (46ms)
21:06:39 [ScnDense] Reference image 105 paired with 8 views
21:06:39 [PtchMtch] Depth-map for image 227 estimated using  8 images: 960x540 (44ms)
21:06:39 [ScnDense] Reference image 116 paired with 8 views
21:06:39 [PtchMtch] Depth-map for image 105 estimated using  8 images: 960x540 (38ms)
21:06:39 [ScnDense] Reference image 247 paired with 8 views
21:06:39 [PtchMtch] Depth-map for image 116 estimated using  8 images: 960x540 (34ms)
21:06:39 [ScnDense] Reference image 147 paired with 8 views
21:06:39 [PtchMtch] Depth-map for image 247 estimated using  8 images: 960x540 (34ms)
21:06:39 [ScnDense] Reference image   6 paired with 8 views
21:06:39 [PtchMtch] Depth-map for image 147 estimated using  8 images: 960x540 (40ms)
21:06:39 [ScnDense] Reference image 127 paired with 8 views
21:06:39 [PtchMtch] Depth-map for image   6 estimated using  8 images: 960x540 (37ms)
21:06:39 [ScnDense] Reference image  29 paired with 8 views
21:06:39 [PtchMtch] Depth-map for image 127 estimated using  8 images: 960x540 (32ms)
21:06:39 [ScnDense] Reference image 137 paired with 8 views
21:06:39 [PtchMtch] Depth-map for image  29 estimated using  8 images: 960x540 (37ms)
21:06:39 [ScnDense] Reference image 168 paired with 8 views
21:06:39 [PtchMtch] Depth-map for image 137 estimated using  8 images: 960x540 (46ms)
21:06:39 [ScnDense] Reference image  40 paired with 8 views
21:06:39 [PtchMtch] Depth-map for image 168 estimated using  8 images: 960x540 (39ms)
21:06:39 [ScnDense] Reference image 178 paired with 8 views
21:06:39 [PtchMtch] Depth-map for image  40 estimated using  8 images: 960x540 (65ms)
21:06:40 [ScnDense] Reference image  95 paired with 8 views
21:06:40 [PtchMtch] Depth-map for image 178 estimated using  8 images: 960x540 (45ms)
21:06:40 [ScnDense] Reference image 158 paired with 8 views
21:06:40 [PtchMtch] Depth-map for image  95 estimated using  8 images: 960x540 (39ms)
21:06:40 [ScnDense] Reference image 208 paired with 8 views
21:06:40 [PtchMtch] Depth-map for image 158 estimated using  8 images: 960x540 (46ms)
21:06:40 [ScnDense] Reference image  73 paired with 8 views
21:06:40 [PtchMtch] Depth-map for image 208 estimated using  8 images: 960x540 (42ms)
21:06:40 [ScnDense] Reference image  62 paired with 8 views
21:06:40 [PtchMtch] Depth-map for image  73 estimated using  8 images: 960x540 (34ms)
21:06:40 [ScnDense] Reference image 188 paired with 8 views
21:06:40 [PtchMtch] Depth-map for image  62 estimated using  8 images: 960x540 (33ms)
21:06:40 [ScnDense] Reference image 198 paired with 8 views
21:06:40 [PtchMtch] Depth-map for image 188 estimated using  8 images: 960x540 (44ms)
21:06:40 [ScnDense] Reference image  18 paired with 8 views
21:06:40 [PtchMtch] Depth-map for image 198 estimated using  8 images: 960x540 (44ms)
21:06:40 [ScnDense] Reference image  51 paired with 8 views
21:06:40 [PtchMtch] Depth-map for image  18 estimated using  8 images: 960x540 (44ms)
21:06:40 [ScnDense] Reference image 218 paired with 8 views
21:06:40 [PtchMtch] Depth-map for image  51 estimated using  8 images: 960x540 (34ms)
21:06:40 [ScnDense] Reference image  84 paired with 8 views
21:06:40 [PtchMtch] Depth-map for image 218 estimated using  8 images: 960x540 (41ms)
21:06:40 [ScnDense] Reference image 238 paired with 8 views
21:06:40 [PtchMtch] Depth-map for image  84 estimated using  8 images: 960x540 (41ms)
21:06:40 [ScnDense] Reference image 106 paired with 8 views
21:06:40 [PtchMtch] Depth-map for image 238 estimated using  8 images: 960x540 (41ms)
21:06:40 [ScnDense] Reference image 148 paired with 8 views
21:06:40 [PtchMtch] Depth-map for image 106 estimated using  8 images: 960x540 (43ms)
21:06:40 [ScnDense] Reference image  30 paired with 8 views
21:06:40 [PtchMtch] Depth-map for image 148 estimated using  8 images: 960x540 (44ms)
21:06:40 [ScnDense] Reference image 228 paired with 8 views
21:06:40 [PtchMtch] Depth-map for image  30 estimated using  8 images: 960x540 (41ms)
21:06:40 [ScnDense] Reference image 117 paired with 8 views
21:06:40 [PtchMtch] Depth-map for image 228 estimated using  8 images: 960x540 (37ms)
21:06:40 [ScnDense] Reference image   7 paired with 8 views
21:06:40 [PtchMtch] Depth-map for image 117 estimated using  8 images: 960x540 (33ms)
21:06:40 [ScnDense] Reference image 128 paired with 8 views
21:06:40 [PtchMtch] Depth-map for image   7 estimated using  8 images: 960x540 (35ms)
21:06:40 [ScnDense] Reference image 169 paired with 8 views
21:06:40 [PtchMtch] Depth-map for image 128 estimated using  8 images: 960x540 (33ms)
21:06:40 [ScnDense] Reference image 248 paired with 8 views
21:06:40 [PtchMtch] Depth-map for image 169 estimated using  8 images: 960x540 (37ms)
21:06:40 [ScnDense] Reference image  41 paired with 8 views
21:06:40 [PtchMtch] Depth-map for image 248 estimated using  8 images: 960x540 (33ms)
21:06:40 [ScnDense] Reference image 138 paired with 8 views
21:06:40 [PtchMtch] Depth-map for image  41 estimated using  8 images: 960x540 (32ms)
21:06:40 [ScnDense] Reference image 179 paired with 8 views
21:06:40 [PtchMtch] Depth-map for image 138 estimated using  8 images: 960x540 (34ms)
21:06:40 [ScnDense] Reference image  96 paired with 8 views
21:06:41 [PtchMtch] Depth-map for image 179 estimated using  8 images: 960x540 (40ms)
21:06:41 [ScnDense] Reference image 189 paired with 8 views
21:06:41 [PtchMtch] Depth-map for image  96 estimated using  8 images: 960x540 (41ms)
21:06:41 [ScnDense] Reference image  63 paired with 8 views
21:06:41 [PtchMtch] Depth-map for image 189 estimated using  8 images: 960x540 (60ms)
21:06:41 [ScnDense] Reference image  19 paired with 8 views
21:06:41 [PtchMtch] Depth-map for image  63 estimated using  8 images: 960x540 (35ms)
21:06:41 [ScnDense] Reference image  74 paired with 8 views
21:06:41 [PtchMtch] Depth-map for image  19 estimated using  8 images: 960x540 (48ms)
21:06:41 [ScnDense] Reference image 209 paired with 8 views
21:06:41 [PtchMtch] Depth-map for image  74 estimated using  8 images: 960x540 (37ms)
21:06:41 [ScnDense] Reference image 199 paired with 8 views
21:06:41 [PtchMtch] Depth-map for image 209 estimated using  8 images: 960x540 (34ms)
21:06:41 [ScnDense] Reference image 159 paired with 8 views
21:06:41 [PtchMtch] Depth-map for image 199 estimated using  8 images: 960x540 (36ms)
21:06:41 [ScnDense] Reference image 219 paired with 8 views
21:06:41 [PtchMtch] Depth-map for image 159 estimated using  8 images: 960x540 (41ms)
21:06:41 [ScnDense] Reference image  52 paired with 8 views
21:06:41 [PtchMtch] Depth-map for image 219 estimated using  8 images: 960x540 (42ms)
21:06:41 [ScnDense] Reference image  85 paired with 8 views
21:06:41 [PtchMtch] Depth-map for image  52 estimated using  8 images: 960x540 (37ms)
21:06:41 [ScnDense] Reference image 149 paired with 8 views
21:06:41 [PtchMtch] Depth-map for image  85 estimated using  8 images: 960x540 (32ms)
21:06:41 [ScnDense] Reference image 229 paired with 8 views
21:06:41 [PtchMtch] Depth-map for image 149 estimated using  8 images: 960x540 (37ms)
21:06:41 [ScnDense] Reference image 239 paired with 8 views
21:06:41 [PtchMtch] Depth-map for image 229 estimated using  8 images: 960x540 (34ms)
21:06:41 [ScnDense] Reference image 107 paired with 8 views
21:06:41 [PtchMtch] Depth-map for image 239 estimated using  8 images: 960x540 (38ms)
21:06:41 [ScnDense] Reference image   8 paired with 8 views
21:06:41 [PtchMtch] Depth-map for image 107 estimated using  8 images: 960x540 (35ms)
21:06:41 [ScnDense] Reference image 129 paired with 8 views
21:06:41 [PtchMtch] Depth-map for image   8 estimated using  8 images: 960x540 (37ms)
21:06:41 [ScnDense] Reference image 118 paired with 8 views
21:06:41 [PtchMtch] Depth-map for image 129 estimated using  8 images: 960x540 (33ms)
21:06:41 [ScnDense] Reference image 170 paired with 8 views
21:06:41 [PtchMtch] Depth-map for image 118 estimated using  8 images: 960x540 (33ms)
21:06:41 [ScnDense] Reference image 249 paired with 8 views
21:06:41 [PtchMtch] Depth-map for image 170 estimated using  8 images: 960x540 (36ms)
21:06:41 [ScnDense] Reference image  31 paired with 8 views
21:06:41 [PtchMtch] Depth-map for image 249 estimated using  8 images: 960x540 (33ms)
21:06:41 [ScnDense] Reference image 139 paired with 8 views
21:06:41 [PtchMtch] Depth-map for image  31 estimated using  8 images: 960x540 (41ms)
21:06:41 [ScnDense] Reference image  42 paired with 8 views
21:06:41 [PtchMtch] Depth-map for image 139 estimated using  8 images: 960x540 (40ms)
21:06:41 [ScnDense] Reference image 180 paired with 8 views
21:06:41 [PtchMtch] Depth-map for image  42 estimated using  8 images: 960x540 (35ms)
21:06:41 [ScnDense] Reference image 190 paired with 8 views
21:06:41 [PtchMtch] Depth-map for image 180 estimated using  8 images: 960x540 (39ms)
21:06:41 [ScnDense] Reference image  97 paired with 8 views
21:06:42 [PtchMtch] Depth-map for image 190 estimated using  8 images: 960x540 (40ms)
21:06:42 [ScnDense] Reference image  64 paired with 8 views
21:06:42 [PtchMtch] Depth-map for image  97 estimated using  8 images: 960x540 (42ms)
21:06:42 [ScnDense] Reference image  75 paired with 8 views
21:06:42 [PtchMtch] Depth-map for image  64 estimated using  8 images: 960x540 (37ms)
21:06:42 [ScnDense] Reference image  20 paired with 8 views
21:06:42 [PtchMtch] Depth-map for image  75 estimated using  8 images: 960x540 (34ms)
21:06:42 [ScnDense] Reference image 210 paired with 8 views
21:06:42 [PtchMtch] Depth-map for image  20 estimated using  8 images: 960x540 (39ms)
21:06:42 [ScnDense] Reference image 160 paired with 8 views
21:06:42 [PtchMtch] Depth-map for image 210 estimated using  8 images: 960x540 (37ms)
21:06:42 [ScnDense] Reference image 200 paired with 8 views
21:06:42 [PtchMtch] Depth-map for image 160 estimated using  8 images: 960x540 (40ms)
21:06:42 [ScnDense] Reference image  53 paired with 8 views
21:06:42 [PtchMtch] Depth-map for image 200 estimated using  8 images: 960x540 (38ms)
21:06:42 [ScnDense] Reference image 220 paired with 8 views
21:06:42 [PtchMtch] Depth-map for image  53 estimated using  8 images: 960x540 (34ms)
21:06:42 [ScnDense] Reference image  86 paired with 8 views
21:06:42 [PtchMtch] Depth-map for image 220 estimated using  8 images: 960x540 (40ms)
21:06:42 [ScnDense] Reference image 230 paired with 8 views
21:06:42 [PtchMtch] Depth-map for image  86 estimated using  8 images: 960x540 (35ms)
21:06:42 [ScnDense] Reference image 240 paired with 8 views
21:06:42 [PtchMtch] Depth-map for image 230 estimated using  8 images: 960x540 (34ms)
21:06:42 [ScnDense] Reference image 108 paired with 8 views
21:06:42 [PtchMtch] Depth-map for image 240 estimated using  8 images: 960x540 (33ms)
21:06:42 [ScnDense] Reference image 130 paired with 8 views
21:06:42 [PtchMtch] Depth-map for image 108 estimated using  8 images: 960x540 (37ms)
21:06:42 [ScnDense] Reference image   9 paired with 8 views
21:06:42 [PtchMtch] Depth-map for image 130 estimated using  8 images: 960x540 (34ms)
21:06:42 [ScnDense] Reference image 119 paired with 8 views
21:06:42 [PtchMtch] Depth-map for image   9 estimated using  8 images: 960x540 (40ms)
21:06:42 [ScnDense] Reference image  32 paired with 8 views
21:06:42 [PtchMtch] Depth-map for image 119 estimated using  8 images: 960x540 (40ms)
21:06:42 [ScnDense] Reference image 150 paired with 8 views
21:06:42 [PtchMtch] Depth-map for image  32 estimated using  8 images: 960x540 (47ms)
21:06:42 [ScnDense] Reference image 250 paired with 8 views
21:06:42 [PtchMtch] Depth-map for image 150 estimated using  8 images: 960x540 (40ms)
21:06:42 [ScnDense] Reference image  43 paired with 8 views
21:06:42 [PtchMtch] Depth-map for image 250 estimated using  8 images: 960x540 (34ms)
21:06:42 [ScnDense] Reference image 140 paired with 8 views
21:06:42 [PtchMtch] Depth-map for image  43 estimated using  8 images: 960x540 (33ms)
21:06:42 [ScnDense] Reference image  98 paired with 8 views
21:06:42 [PtchMtch] Depth-map for image 140 estimated using  8 images: 960x540 (41ms)
21:06:42 [ScnDense] Reference image  21 paired with 8 views
21:06:42 [PtchMtch] Depth-map for image  98 estimated using  8 images: 960x540 (43ms)
21:06:42 [ScnDense] Reference image  76 paired with 8 views
21:06:42 [PtchMtch] Depth-map for image  21 estimated using  8 images: 960x540 (41ms)
21:06:42 [ScnDense] Reference image  65 paired with 8 views
21:06:42 [PtchMtch] Depth-map for image  76 estimated using  8 images: 960x540 (39ms)
21:06:43 [ScnDense] Reference image  54 paired with 8 views
21:06:43 [PtchMtch] Depth-map for image  65 estimated using  8 images: 960x540 (34ms)
21:06:43 [ScnDense] Reference image  87 paired with 8 views
21:06:43 [PtchMtch] Depth-map for image  54 estimated using  8 images: 960x540 (36ms)
21:06:43 [ScnDense] Reference image 120 paired with 8 views
21:06:43 [PtchMtch] Depth-map for image  87 estimated using  8 images: 960x540 (33ms)
21:06:43 [ScnDense] Reference image 109 paired with 8 views
21:06:43 [PtchMtch] Depth-map for image 120 estimated using  8 images: 960x540 (33ms)
21:06:43 [ScnDense] Reference image  10 paired with 8 views
21:06:43 [PtchMtch] Depth-map for image 109 estimated using  8 images: 960x540 (34ms)
21:06:43 [PtchMtch] Depth-map for image  10 estimated using  8 images: 960x540 (36ms)
21:06:43 [ScnDense] Reference image   0 paired with 8 views
21:06:43 [ScnDense] Reference image  11 paired with 8 views
21:06:43 [PtchMtch] Depth-map for image   0 estimated using  8 images: 960x540 (36ms)
21:06:43 [ScnDense] Reference image  22 paired with 8 views
21:06:43 [PtchMtch] Depth-map for image  11 estimated using  8 images: 960x540 (35ms)
21:06:43 [ScnDense] Reference image  33 paired with 8 views
21:06:43 [PtchMtch] Depth-map for image  22 estimated using  8 images: 960x540 (39ms)
21:06:43 [ScnDense] Reference image 171 paired with 8 views
21:06:43 [PtchMtch] Depth-map for image  33 estimated using  8 images: 960x540 (38ms)
21:06:43 [ScnDense] Reference image 110 paired with 8 views
21:06:43 [PtchMtch] Depth-map for image 171 estimated using  8 images: 960x540 (37ms)
21:06:43 [ScnDense] Reference image  55 paired with 8 views
21:06:43 [PtchMtch] Depth-map for image 110 estimated using  8 images: 960x540 (34ms)
21:06:43 [ScnDense] Reference image 141 paired with 8 views
21:06:43 [PtchMtch] Depth-map for image  55 estimated using  8 images: 960x540 (35ms)
21:06:43 [ScnDense] Reference image  77 paired with 8 views
21:06:43 [PtchMtch] Depth-map for image 141 estimated using  8 images: 960x540 (46ms)
21:06:43 [ScnDense] Reference image  66 paired with 8 views
21:06:43 [PtchMtch] Depth-map for image  77 estimated using  8 images: 960x540 (41ms)
21:06:43 [ScnDense] Reference image  44 paired with 8 views
21:06:43 [PtchMtch] Depth-map for image  66 estimated using  8 images: 960x540 (34ms)
21:06:43 [ScnDense] Reference image 161 paired with 8 views
21:06:43 [PtchMtch] Depth-map for image  44 estimated using  8 images: 960x540 (33ms)
21:06:43 [ScnDense] Reference image 211 paired with 8 views
21:06:44 [PtchMtch] Depth-map for image 161 estimated using  8 images: 960x540 (38ms)
21:06:44 [ScnDense] Reference image 241 paired with 8 views
21:06:44 [PtchMtch] Depth-map for image 211 estimated using  8 images: 960x540 (37ms)
21:06:44 [ScnDense] Reference image 181 paired with 8 views
21:06:44 [PtchMtch] Depth-map for image 241 estimated using  8 images: 960x540 (35ms)
21:06:44 [ScnDense] Reference image 131 paired with 8 views
21:06:44 [PtchMtch] Depth-map for image 181 estimated using  8 images: 960x540 (39ms)
21:06:44 [ScnDense] Reference image 151 paired with 8 views
21:06:44 [PtchMtch] Depth-map for image 131 estimated using  8 images: 960x540 (36ms)
21:06:44 [ScnDense] Reference image 201 paired with 8 views
21:06:44 [PtchMtch] Depth-map for image 151 estimated using  8 images: 960x540 (43ms)
21:06:44 [ScnDense] Reference image  99 paired with 8 views
21:06:44 [PtchMtch] Depth-map for image 201 estimated using  8 images: 960x540 (40ms)
21:06:44 [ScnDense] Reference image 221 paired with 8 views
21:06:44 [PtchMtch] Depth-map for image  99 estimated using  8 images: 960x540 (40ms)
21:06:44 [ScnDense] Reference image 231 paired with 8 views
21:06:44 [PtchMtch] Depth-map for image 221 estimated using  8 images: 960x540 (41ms)
21:06:44 [ScnDense] Reference image 121 paired with 8 views
21:06:44 [PtchMtch] Depth-map for image 231 estimated using  8 images: 960x540 (44ms)
21:06:44 [ScnDense] Reference image 191 paired with 8 views
21:06:44 [PtchMtch] Depth-map for image 121 estimated using  8 images: 960x540 (35ms)
21:06:44 [ScnDense] Reference image  88 paired with 8 views
21:06:44 [PtchMtch] Depth-map for image 191 estimated using  8 images: 960x540 (41ms)
21:06:44 [ScnDense] Reference image 162 paired with 8 views
21:06:44 [PtchMtch] Depth-map for image  88 estimated using  8 images: 960x540 (37ms)
21:06:44 [ScnDense] Reference image 142 paired with 8 views
21:06:44 [PtchMtch] Depth-map for image 162 estimated using  8 images: 960x540 (43ms)
21:06:44 [ScnDense] Reference image  34 paired with 8 views
21:06:44 [PtchMtch] Depth-map for image 142 estimated using  8 images: 960x540 (45ms)
21:06:44 [ScnDense] Reference image  23 paired with 8 views
21:06:44 [PtchMtch] Depth-map for image  34 estimated using  8 images: 960x540 (43ms)
21:06:44 [ScnDense] Reference image  89 paired with 8 views
21:06:44 [PtchMtch] Depth-map for image  23 estimated using  8 images: 960x540 (44ms)
21:06:44 [ScnDense] Reference image 111 paired with 8 views
21:06:44 [PtchMtch] Depth-map for image  89 estimated using  8 images: 960x540 (35ms)
21:06:44 [ScnDense] Reference image 182 paired with 8 views
21:06:44 [PtchMtch] Depth-map for image 111 estimated using  8 images: 960x540 (34ms)
21:06:44 [ScnDense] Reference image 212 paired with 8 views
21:06:44 [PtchMtch] Depth-map for image 182 estimated using  8 images: 960x540 (40ms)
21:06:44 [ScnDense] Reference image 192 paired with 8 views
21:06:44 [PtchMtch] Depth-map for image 212 estimated using  8 images: 960x540 (42ms)
21:06:44 [ScnDense] Reference image 242 paired with 8 views
21:06:44 [PtchMtch] Depth-map for image 192 estimated using  8 images: 960x540 (42ms)
21:06:44 [ScnDense] Reference image 100 paired with 8 views
21:06:44 [PtchMtch] Depth-map for image 242 estimated using  8 images: 960x540 (35ms)
21:06:44 [ScnDense] Reference image 232 paired with 8 views
21:06:44 [PtchMtch] Depth-map for image 100 estimated using  8 images: 960x540 (34ms)
21:06:44 [ScnDense] Reference image 152 paired with 8 views
21:06:45 [PtchMtch] Depth-map for image 232 estimated using  8 images: 960x540 (38ms)
21:06:45 [ScnDense] Reference image  67 paired with 8 views
21:06:45 [PtchMtch] Depth-map for image 152 estimated using  8 images: 960x540 (44ms)
21:06:45 [ScnDense] Reference image  78 paired with 8 views
21:06:45 [PtchMtch] Depth-map for image  67 estimated using  8 images: 960x540 (39ms)
21:06:45 [ScnDense] Reference image  45 paired with 8 views
21:06:45 [PtchMtch] Depth-map for image  78 estimated using  8 images: 960x540 (36ms)
21:06:45 [ScnDense] Reference image  12 paired with 8 views
21:06:45 [PtchMtch] Depth-map for image  45 estimated using  8 images: 960x540 (33ms)
21:06:45 [ScnDense] Reference image 222 paired with 8 views
21:06:45 [PtchMtch] Depth-map for image  12 estimated using  8 images: 960x540 (34ms)
21:06:45 [ScnDense] Reference image 202 paired with 8 views
21:06:45 [PtchMtch] Depth-map for image 222 estimated using  8 images: 960x540 (34ms)
21:06:45 [ScnDense] Reference image 132 paired with 8 views
21:06:45 [PtchMtch] Depth-map for image 202 estimated using  8 images: 960x540 (33ms)
21:06:45 [ScnDense] Reference image   1 paired with 8 views
21:06:45 [PtchMtch] Depth-map for image 132 estimated using  8 images: 960x540 (38ms)
21:06:45 [ScnDense] Reference image 172 paired with 8 views
21:06:45 [PtchMtch] Depth-map for image   1 estimated using  8 images: 960x540 (39ms)
21:06:45 [ScnDense] Reference image  56 paired with 8 views
21:06:45 [PtchMtch] Depth-map for image 172 estimated using  8 images: 960x540 (49ms)
21:06:45 [ScnDense] Reference image 122 paired with 8 views
21:06:45 [PtchMtch] Depth-map for image  56 estimated using  8 images: 960x540 (42ms)
21:06:45 [ScnDense] Reference image 163 paired with 8 views
21:06:45 [PtchMtch] Depth-map for image 122 estimated using  8 images: 960x540 (34ms)
21:06:45 [ScnDense] Reference image  35 paired with 8 views
21:06:45 [PtchMtch] Depth-map for image 163 estimated using  8 images: 960x540 (40ms)
21:06:45 [ScnDense] Reference image  90 paired with 8 views
21:06:45 [PtchMtch] Depth-map for image  35 estimated using  8 images: 960x540 (39ms)
21:06:45 [ScnDense] Reference image  24 paired with 8 views
21:06:45 [PtchMtch] Depth-map for image  90 estimated using  8 images: 960x540 (40ms)
21:06:45 [ScnDense] Reference image 112 paired with 8 views
21:06:45 [PtchMtch] Depth-map for image  24 estimated using  8 images: 960x540 (37ms)
21:06:45 [ScnDense] Reference image 143 paired with 8 views
21:06:45 [PtchMtch] Depth-map for image 112 estimated using  8 images: 960x540 (34ms)
21:06:45 [ScnDense] Reference image 153 paired with 8 views
21:06:45 [PtchMtch] Depth-map for image 143 estimated using  8 images: 960x540 (36ms)
21:06:45 [ScnDense] Reference image 183 paired with 8 views
21:06:45 [PtchMtch] Depth-map for image 153 estimated using  8 images: 960x540 (45ms)
21:06:45 [ScnDense] Reference image 233 paired with 8 views
21:06:45 [PtchMtch] Depth-map for image 183 estimated using  8 images: 960x540 (42ms)
21:06:45 [ScnDense] Reference image 173 paired with 8 views
21:06:45 [PtchMtch] Depth-map for image 233 estimated using  8 images: 960x540 (38ms)
21:06:45 [ScnDense] Reference image 243 paired with 8 views
21:06:45 [PtchMtch] Depth-map for image 173 estimated using  8 images: 960x540 (44ms)
21:06:45 [ScnDense] Reference image   2 paired with 8 views
21:06:45 [PtchMtch] Depth-map for image 243 estimated using  8 images: 960x540 (38ms)
21:06:45 [ScnDense] Reference image 203 paired with 8 views
21:06:45 [PtchMtch] Depth-map for image   2 estimated using  8 images: 960x540 (36ms)
21:06:46 [ScnDense] Reference image 213 paired with 8 views
21:06:46 [PtchMtch] Depth-map for image 203 estimated using  8 images: 960x540 (33ms)
21:06:46 [ScnDense] Reference image  57 paired with 8 views
21:06:46 [PtchMtch] Depth-map for image 213 estimated using  8 images: 960x540 (41ms)
21:06:46 [ScnDense] Reference image 101 paired with 8 views
21:06:46 [PtchMtch] Depth-map for image  57 estimated using  8 images: 960x540 (39ms)
21:06:46 [ScnDense] Reference image  68 paired with 8 views
21:06:46 [PtchMtch] Depth-map for image 101 estimated using  8 images: 960x540 (35ms)
21:06:46 [ScnDense] Reference image 123 paired with 8 views
21:06:46 [PtchMtch] Depth-map for image  68 estimated using  8 images: 960x540 (36ms)
21:06:46 [ScnDense] Reference image 193 paired with 8 views
21:06:46 [PtchMtch] Depth-map for image 123 estimated using  8 images: 960x540 (35ms)
21:06:46 [ScnDense] Reference image 223 paired with 8 views
21:06:46 [PtchMtch] Depth-map for image 193 estimated using  8 images: 960x540 (46ms)
21:06:46 [ScnDense] Reference image  79 paired with 8 views
21:06:46 [PtchMtch] Depth-map for image 223 estimated using  8 images: 960x540 (37ms)
21:06:46 [ScnDense] Reference image  13 paired with 8 views
21:06:46 [PtchMtch] Depth-map for image  79 estimated using  8 images: 960x540 (33ms)
21:06:46 [ScnDense] Reference image  46 paired with 8 views
21:06:46 [PtchMtch] Depth-map for image  13 estimated using  8 images: 960x540 (34ms)
21:06:46 [ScnDense] Reference image 133 paired with 8 views
21:06:46 [PtchMtch] Depth-map for image  46 estimated using  8 images: 960x540 (32ms)
21:06:46 [ScnDense] Reference image 164 paired with 8 views
21:06:46 [PtchMtch] Depth-map for image 133 estimated using  8 images: 960x540 (39ms)
21:06:46 [ScnDense] Reference image  36 paired with 8 views
21:06:46 [PtchMtch] Depth-map for image 164 estimated using  8 images: 960x540 (51ms)
21:06:46 [ScnDense] Reference image  25 paired with 8 views
21:06:46 [PtchMtch] Depth-map for image  36 estimated using  8 images: 960x540 (37ms)
21:06:46 [ScnDense] Reference image  91 paired with 8 views
21:06:46 [PtchMtch] Depth-map for image  25 estimated using  8 images: 960x540 (34ms)
21:06:46 [ScnDense] Reference image 154 paired with 8 views
21:06:46 [PtchMtch] Depth-map for image  91 estimated using  8 images: 960x540 (41ms)
21:06:46 [ScnDense] Reference image 184 paired with 8 views
21:06:46 [PtchMtch] Depth-map for image 154 estimated using  8 images: 960x540 (44ms)
21:06:46 [ScnDense] Reference image 204 paired with 8 views
21:06:46 [PtchMtch] Depth-map for image 184 estimated using  8 images: 960x540 (44ms)
21:06:46 [ScnDense] Reference image 113 paired with 8 views
21:06:46 [PtchMtch] Depth-map for image 204 estimated using  8 images: 960x540 (39ms)
21:06:46 [ScnDense] Reference image  69 paired with 8 views
21:06:46 [PtchMtch] Depth-map for image 113 estimated using  8 images: 960x540 (36ms)
21:06:46 [ScnDense] Reference image 174 paired with 8 views
21:06:46 [PtchMtch] Depth-map for image  69 estimated using  8 images: 960x540 (35ms)
21:06:46 [ScnDense] Reference image   3 paired with 8 views
21:06:46 [PtchMtch] Depth-map for image 174 estimated using  8 images: 960x540 (48ms)
21:06:46 [ScnDense] Reference image  14 paired with 8 views
21:06:46 [PtchMtch] Depth-map for image   3 estimated using  8 images: 960x540 (46ms)
21:06:46 [ScnDense] Reference image  80 paired with 8 views
21:06:46 [PtchMtch] Depth-map for image  14 estimated using  8 images: 960x540 (37ms)
21:06:46 [ScnDense] Reference image 194 paired with 8 views
21:06:47 [PtchMtch] Depth-map for image  80 estimated using  8 images: 960x540 (36ms)
21:06:47 [ScnDense] Reference image 244 paired with 8 views
21:06:47 [PtchMtch] Depth-map for image 194 estimated using  8 images: 960x540 (39ms)
21:06:47 [ScnDense] Reference image 214 paired with 8 views
21:06:47 [PtchMtch] Depth-map for image 244 estimated using  8 images: 960x540 (36ms)
21:06:47 [ScnDense] Reference image 224 paired with 8 views
21:06:47 [PtchMtch] Depth-map for image 214 estimated using  8 images: 960x540 (40ms)
21:06:47 [ScnDense] Reference image 144 paired with 8 views
21:06:47 [PtchMtch] Depth-map for image 224 estimated using  8 images: 960x540 (38ms)
21:06:47 [ScnDense] Reference image  47 paired with 8 views
21:06:47 [PtchMtch] Depth-map for image 144 estimated using  8 images: 960x540 (35ms)
21:06:47 [ScnDense] Reference image 102 paired with 8 views
21:06:47 [PtchMtch] Depth-map for image  47 estimated using  8 images: 960x540 (33ms)
21:06:47 [ScnDense] Reference image  58 paired with 8 views
21:06:47 [PtchMtch] Depth-map for image 102 estimated using  8 images: 960x540 (34ms)
21:06:47 [ScnDense] Reference image 234 paired with 8 views
21:06:47 [PtchMtch] Depth-map for image  58 estimated using  8 images: 960x540 (37ms)
21:06:47 [ScnDense] Reference image 124 paired with 8 views
21:06:47 [PtchMtch] Depth-map for image 234 estimated using  8 images: 960x540 (39ms)
21:06:47 [ScnDense] Reference image 134 paired with 8 views
21:06:47 [PtchMtch] Depth-map for image 124 estimated using  8 images: 960x540 (37ms)
21:06:47 [ScnDense] Reference image 165 paired with 8 views
21:06:47 [PtchMtch] Depth-map for image 134 estimated using  8 images: 960x540 (41ms)
21:06:47 [ScnDense] Reference image  92 paired with 8 views
21:06:47 [PtchMtch] Depth-map for image 165 estimated using  8 images: 960x540 (45ms)
21:06:47 [ScnDense] Reference image  26 paired with 8 views
21:06:47 [PtchMtch] Depth-map for image  92 estimated using  8 images: 960x540 (44ms)
21:06:47 [ScnDense] Reference image  37 paired with 8 views
21:06:47 [PtchMtch] Depth-map for image  26 estimated using  8 images: 960x540 (42ms)
21:06:47 [ScnDense] Reference image 155 paired with 8 views
21:06:47 [PtchMtch] Depth-map for image  37 estimated using  8 images: 960x540 (41ms)
21:06:47 [ScnDense] Reference image 185 paired with 8 views
21:06:47 [PtchMtch] Depth-map for image 155 estimated using  8 images: 960x540 (39ms)
21:06:47 [ScnDense] Reference image 205 paired with 8 views
21:06:47 [PtchMtch] Depth-map for image 185 estimated using  8 images: 960x540 (45ms)
21:06:47 [ScnDense] Reference image 114 paired with 8 views
21:06:47 [PtchMtch] Depth-map for image 205 estimated using  8 images: 960x540 (39ms)
21:06:47 [ScnDense] Reference image  70 paired with 8 views
21:06:47 [PtchMtch] Depth-map for image 114 estimated using  8 images: 960x540 (38ms)
21:06:47 [ScnDense] Reference image 175 paired with 8 views
21:06:47 [PtchMtch] Depth-map for image  70 estimated using  8 images: 960x540 (38ms)
21:06:47 [ScnDense] Reference image   4 paired with 8 views
21:06:47 [PtchMtch] Depth-map for image 175 estimated using  8 images: 960x540 (44ms)
21:06:47 [ScnDense] Reference image  59 paired with 8 views
21:06:47 [PtchMtch] Depth-map for image   4 estimated using  8 images: 960x540 (39ms)
21:06:47 [ScnDense] Reference image  15 paired with 8 views
21:06:47 [PtchMtch] Depth-map for image  59 estimated using  8 images: 960x540 (37ms)
21:06:47 [ScnDense] Reference image 195 paired with 8 views
21:06:47 [PtchMtch] Depth-map for image  15 estimated using  8 images: 960x540 (37ms)
21:06:47 [ScnDense] Reference image 235 paired with 8 views
21:06:48 [PtchMtch] Depth-map for image 195 estimated using  8 images: 960x540 (41ms)
21:06:48 [ScnDense] Reference image 125 paired with 8 views
21:06:48 [PtchMtch] Depth-map for image 235 estimated using  8 images: 960x540 (40ms)
21:06:48 [ScnDense] Reference image  81 paired with 8 views
21:06:48 [PtchMtch] Depth-map for image 125 estimated using  8 images: 960x540 (36ms)
21:06:48 [ScnDense] Reference image 145 paired with 8 views
21:06:48 [PtchMtch] Depth-map for image  81 estimated using  8 images: 960x540 (34ms)
21:06:48 [ScnDense] Reference image  48 paired with 8 views
21:06:48 [PtchMtch] Depth-map for image 145 estimated using  8 images: 960x540 (44ms)
21:06:48 [ScnDense] Reference image 135 paired with 8 views
21:06:48 [PtchMtch] Depth-map for image  48 estimated using  8 images: 960x540 (39ms)
21:06:48 [ScnDense] Reference image 215 paired with 8 views
21:06:48 [PtchMtch] Depth-map for image 135 estimated using  8 images: 960x540 (39ms)
21:06:48 [ScnDense] Reference image 245 paired with 8 views
21:06:48 [PtchMtch] Depth-map for image 215 estimated using  8 images: 960x540 (41ms)
21:06:48 [ScnDense] Reference image 103 paired with 8 views
21:06:48 [PtchMtch] Depth-map for image 245 estimated using  8 images: 960x540 (39ms)
21:06:48 [ScnDense] Reference image 225 paired with 8 views
21:06:48 [PtchMtch] Depth-map for image 103 estimated using  8 images: 960x540 (33ms)
21:06:48 [ScnDense] Reference image 166 paired with 8 views
21:06:48 [PtchMtch] Depth-map for image 225 estimated using  8 images: 960x540 (37ms)
21:06:48 [ScnDense] Reference image  93 paired with 8 views
21:06:48 [PtchMtch] Depth-map for image 166 estimated using  8 images: 960x540 (42ms)
21:06:48 [ScnDense] Reference image  27 paired with 8 views
21:06:48 [PtchMtch] Depth-map for image  93 estimated using  8 images: 960x540 (38ms)
21:06:48 [ScnDense] Reference image  38 paired with 8 views
21:06:48 [PtchMtch] Depth-map for image  27 estimated using  8 images: 960x540 (36ms)
21:06:48 [ScnDense] Reference image 156 paired with 8 views
21:06:48 [PtchMtch] Depth-map for image  38 estimated using  8 images: 960x540 (42ms)
21:06:48 [ScnDense] Reference image 176 paired with 8 views
21:06:48 [PtchMtch] Depth-map for image 156 estimated using  8 images: 960x540 (41ms)
21:06:48 [ScnDense] Reference image 186 paired with 8 views
21:06:48 [PtchMtch] Depth-map for image 176 estimated using  8 images: 960x540 (47ms)
21:06:48 [ScnDense] Reference image  71 paired with 8 views
21:06:48 [PtchMtch] Depth-map for image 186 estimated using  8 images: 960x540 (44ms)
21:06:48 [ScnDense] Reference image 206 paired with 8 views
21:06:48 [PtchMtch] Depth-map for image  71 estimated using  8 images: 960x540 (39ms)
21:06:48 [ScnDense] Reference image  60 paired with 8 views
21:06:49 [PtchMtch] Depth-map for image 206 estimated using  8 images: 960x540 (37ms)
21:06:49 [ScnDense] Reference image   5 paired with 8 views
21:06:49 [PtchMtch] Depth-map for image  60 estimated using  8 images: 960x540 (37ms)
21:06:49 [ScnDense] Reference image 196 paired with 8 views
21:06:49 [PtchMtch] Depth-map for image   5 estimated using  8 images: 960x540 (36ms)
21:06:49 [ScnDense] Reference image 236 paired with 8 views
21:06:49 [PtchMtch] Depth-map for image 196 estimated using  8 images: 960x540 (38ms)
21:06:49 [ScnDense] Reference image 246 paired with 8 views
21:06:49 [PtchMtch] Depth-map for image 236 estimated using  8 images: 960x540 (42ms)
21:06:49 [ScnDense] Reference image 216 paired with 8 views
21:06:49 [PtchMtch] Depth-map for image 246 estimated using  8 images: 960x540 (39ms)
21:06:49 [ScnDense] Reference image  16 paired with 8 views
21:06:49 [PtchMtch] Depth-map for image 216 estimated using  8 images: 960x540 (42ms)
21:06:49 [ScnDense] Reference image  49 paired with 8 views
21:06:49 [PtchMtch] Depth-map for image  16 estimated using  8 images: 960x540 (40ms)
21:06:49 [ScnDense] Reference image 226 paired with 8 views
21:06:49 [PtchMtch] Depth-map for image  49 estimated using  8 images: 960x540 (35ms)
21:06:49 [ScnDense] Reference image 115 paired with 8 views
21:06:49 [PtchMtch] Depth-map for image 226 estimated using  8 images: 960x540 (37ms)
21:06:49 [ScnDense] Reference image  82 paired with 8 views
21:06:49 [PtchMtch] Depth-map for image 115 estimated using  8 images: 960x540 (34ms)
21:06:49 [ScnDense] Reference image 126 paired with 8 views
21:06:49 [PtchMtch] Depth-map for image  82 estimated using  8 images: 960x540 (34ms)
21:06:49 [ScnDense] Reference image 136 paired with 8 views
21:06:49 [PtchMtch] Depth-map for image 126 estimated using  8 images: 960x540 (33ms)
21:06:49 [ScnDense] Reference image 104 paired with 8 views
21:06:49 [PtchMtch] Depth-map for image 136 estimated using  8 images: 960x540 (34ms)
21:06:49 [ScnDense] Reference image 167 paired with 8 views
21:06:49 [PtchMtch] Depth-map for image 104 estimated using  8 images: 960x540 (36ms)
21:06:49 [ScnDense] Reference image 146 paired with 8 views
21:06:49 [PtchMtch] Depth-map for image 167 estimated using  8 images: 960x540 (36ms)
21:06:49 [ScnDense] Reference image  28 paired with 8 views
21:06:49 [PtchMtch] Depth-map for image 146 estimated using  8 images: 960x540 (48ms)
21:06:49 [ScnDense] Reference image  39 paired with 8 views
21:06:49 [PtchMtch] Depth-map for image  28 estimated using  8 images: 960x540 (47ms)
21:06:49 [ScnDense] Reference image 157 paired with 8 views
21:06:49 [PtchMtch] Depth-map for image  39 estimated using  8 images: 960x540 (47ms)
21:06:49 [ScnDense] Reference image  94 paired with 8 views
21:06:49 [PtchMtch] Depth-map for image 157 estimated using  8 images: 960x540 (47ms)
21:06:49 [ScnDense] Reference image 177 paired with 8 views
21:06:49 [PtchMtch] Depth-map for image  94 estimated using  8 images: 960x540 (40ms)
21:06:49 [ScnDense] Reference image 207 paired with 8 views
21:06:49 [PtchMtch] Depth-map for image 177 estimated using  8 images: 960x540 (52ms)
21:06:49 [ScnDense] Reference image  61 paired with 8 views
21:06:49 [PtchMtch] Depth-map for image 207 estimated using  8 images: 960x540 (45ms)
21:06:49 [ScnDense] Reference image  72 paired with 8 views
21:06:49 [PtchMtch] Depth-map for image  61 estimated using  8 images: 960x540 (35ms)
21:06:49 [ScnDense] Reference image 187 paired with 8 views
21:06:49 [PtchMtch] Depth-map for image  72 estimated using  8 images: 960x540 (32ms)
21:06:50 [ScnDense] Reference image 217 paired with 8 views
21:06:50 [PtchMtch] Depth-map for image 187 estimated using  8 images: 960x540 (44ms)
21:06:50 [ScnDense] Reference image 197 paired with 8 views
21:06:50 [PtchMtch] Depth-map for image 217 estimated using  8 images: 960x540 (44ms)
21:06:50 [ScnDense] Reference image  50 paired with 8 views
21:06:50 [PtchMtch] Depth-map for image 197 estimated using  8 images: 960x540 (38ms)
21:06:50 [ScnDense] Reference image  17 paired with 8 views
21:06:50 [PtchMtch] Depth-map for image  50 estimated using  8 images: 960x540 (36ms)
21:06:50 [ScnDense] Reference image  83 paired with 8 views
21:06:50 [PtchMtch] Depth-map for image  17 estimated using  8 images: 960x540 (42ms)
21:06:50 [ScnDense] Reference image 237 paired with 8 views
21:06:50 [PtchMtch] Depth-map for image  83 estimated using  8 images: 960x540 (36ms)
21:06:50 [ScnDense] Reference image 227 paired with 8 views
21:06:50 [PtchMtch] Depth-map for image 237 estimated using  8 images: 960x540 (46ms)
21:06:50 [ScnDense] Reference image 105 paired with 8 views
21:06:50 [PtchMtch] Depth-map for image 227 estimated using  8 images: 960x540 (43ms)
21:06:50 [ScnDense] Reference image 116 paired with 8 views
21:06:50 [PtchMtch] Depth-map for image 105 estimated using  8 images: 960x540 (35ms)
21:06:50 [ScnDense] Reference image 247 paired with 8 views
21:06:50 [PtchMtch] Depth-map for image 116 estimated using  8 images: 960x540 (34ms)
21:06:50 [ScnDense] Reference image 147 paired with 8 views
21:06:50 [PtchMtch] Depth-map for image 247 estimated using  8 images: 960x540 (36ms)
21:06:50 [ScnDense] Reference image   6 paired with 8 views
21:06:50 [PtchMtch] Depth-map for image 147 estimated using  8 images: 960x540 (42ms)
21:06:50 [ScnDense] Reference image 127 paired with 8 views
21:06:50 [PtchMtch] Depth-map for image   6 estimated using  8 images: 960x540 (39ms)
21:06:50 [ScnDense] Reference image  29 paired with 8 views
21:06:50 [PtchMtch] Depth-map for image 127 estimated using  8 images: 960x540 (34ms)
21:06:50 [ScnDense] Reference image 137 paired with 8 views
21:06:50 [PtchMtch] Depth-map for image  29 estimated using  8 images: 960x540 (39ms)
21:06:50 [ScnDense] Reference image 168 paired with 8 views
21:06:50 [PtchMtch] Depth-map for image 137 estimated using  8 images: 960x540 (43ms)
21:06:50 [ScnDense] Reference image  40 paired with 8 views
21:06:50 [PtchMtch] Depth-map for image 168 estimated using  8 images: 960x540 (46ms)
21:06:50 [ScnDense] Reference image 178 paired with 8 views
21:06:50 [PtchMtch] Depth-map for image  40 estimated using  8 images: 960x540 (39ms)
21:06:50 [ScnDense] Reference image  95 paired with 8 views
21:06:50 [PtchMtch] Depth-map for image 178 estimated using  8 images: 960x540 (43ms)
21:06:50 [ScnDense] Reference image 158 paired with 8 views
21:06:50 [PtchMtch] Depth-map for image  95 estimated using  8 images: 960x540 (44ms)
21:06:50 [ScnDense] Reference image 208 paired with 8 views
21:06:50 [PtchMtch] Depth-map for image 158 estimated using  8 images: 960x540 (44ms)
21:06:50 [ScnDense] Reference image  73 paired with 8 views
21:06:50 [PtchMtch] Depth-map for image 208 estimated using  8 images: 960x540 (42ms)
21:06:50 [ScnDense] Reference image  62 paired with 8 views
21:06:50 [PtchMtch] Depth-map for image  73 estimated using  8 images: 960x540 (34ms)
21:06:50 [ScnDense] Reference image 188 paired with 8 views
21:06:51 [PtchMtch] Depth-map for image  62 estimated using  8 images: 960x540 (34ms)
21:06:51 [ScnDense] Reference image 198 paired with 8 views
21:06:51 [PtchMtch] Depth-map for image 188 estimated using  8 images: 960x540 (41ms)
21:06:51 [ScnDense] Reference image  18 paired with 8 views
21:06:51 [PtchMtch] Depth-map for image 198 estimated using  8 images: 960x540 (43ms)
21:06:51 [ScnDense] Reference image  51 paired with 8 views
21:06:51 [PtchMtch] Depth-map for image  18 estimated using  8 images: 960x540 (43ms)
21:06:51 [ScnDense] Reference image 218 paired with 8 views
21:06:51 [PtchMtch] Depth-map for image  51 estimated using  8 images: 960x540 (36ms)
21:06:51 [ScnDense] Reference image  84 paired with 8 views
21:06:51 [PtchMtch] Depth-map for image 218 estimated using  8 images: 960x540 (41ms)
21:06:51 [ScnDense] Reference image 238 paired with 8 views
21:06:51 [PtchMtch] Depth-map for image  84 estimated using  8 images: 960x540 (48ms)
21:06:51 [ScnDense] Reference image 106 paired with 8 views
21:06:51 [PtchMtch] Depth-map for image 238 estimated using  8 images: 960x540 (40ms)
21:06:51 [ScnDense] Reference image 148 paired with 8 views
21:06:51 [PtchMtch] Depth-map for image 106 estimated using  8 images: 960x540 (38ms)
21:06:51 [ScnDense] Reference image  30 paired with 8 views
21:06:51 [PtchMtch] Depth-map for image 148 estimated using  8 images: 960x540 (44ms)
21:06:51 [ScnDense] Reference image 228 paired with 8 views
21:06:51 [PtchMtch] Depth-map for image  30 estimated using  8 images: 960x540 (42ms)
21:06:51 [ScnDense] Reference image 117 paired with 8 views
21:06:51 [PtchMtch] Depth-map for image 228 estimated using  8 images: 960x540 (38ms)
21:06:51 [ScnDense] Reference image   7 paired with 8 views
21:06:51 [PtchMtch] Depth-map for image 117 estimated using  8 images: 960x540 (34ms)
21:06:51 [ScnDense] Reference image 128 paired with 8 views
21:06:51 [PtchMtch] Depth-map for image   7 estimated using  8 images: 960x540 (37ms)
21:06:51 [ScnDense] Reference image 169 paired with 8 views
21:06:51 [PtchMtch] Depth-map for image 128 estimated using  8 images: 960x540 (34ms)
21:06:51 [ScnDense] Reference image 248 paired with 8 views
21:06:51 [PtchMtch] Depth-map for image 169 estimated using  8 images: 960x540 (37ms)
21:06:51 [ScnDense] Reference image  41 paired with 8 views
21:06:51 [PtchMtch] Depth-map for image 248 estimated using  8 images: 960x540 (35ms)
21:06:51 [ScnDense] Reference image 138 paired with 8 views
21:06:51 [PtchMtch] Depth-map for image  41 estimated using  8 images: 960x540 (33ms)
21:06:51 [ScnDense] Reference image 179 paired with 8 views
21:06:51 [PtchMtch] Depth-map for image 138 estimated using  8 images: 960x540 (36ms)
21:06:51 [ScnDense] Reference image  96 paired with 8 views
21:06:51 [PtchMtch] Depth-map for image 179 estimated using  8 images: 960x540 (44ms)
21:06:51 [ScnDense] Reference image 189 paired with 8 views
21:06:51 [PtchMtch] Depth-map for image  96 estimated using  8 images: 960x540 (44ms)
21:06:51 [ScnDense] Reference image  63 paired with 8 views
21:06:51 [PtchMtch] Depth-map for image 189 estimated using  8 images: 960x540 (45ms)
21:06:51 [ScnDense] Reference image  19 paired with 8 views
21:06:51 [PtchMtch] Depth-map for image  63 estimated using  8 images: 960x540 (35ms)
21:06:51 [ScnDense] Reference image  74 paired with 8 views
21:06:51 [PtchMtch] Depth-map for image  19 estimated using  8 images: 960x540 (51ms)
21:06:51 [ScnDense] Reference image 209 paired with 8 views
21:06:52 [PtchMtch] Depth-map for image  74 estimated using  8 images: 960x540 (38ms)
21:06:52 [ScnDense] Reference image 199 paired with 8 views
21:06:52 [PtchMtch] Depth-map for image 209 estimated using  8 images: 960x540 (35ms)
21:06:52 [ScnDense] Reference image 159 paired with 8 views
21:06:52 [PtchMtch] Depth-map for image 199 estimated using  8 images: 960x540 (40ms)
21:06:52 [ScnDense] Reference image 219 paired with 8 views
21:06:52 [PtchMtch] Depth-map for image 159 estimated using  8 images: 960x540 (42ms)
21:06:52 [ScnDense] Reference image  52 paired with 8 views
21:06:52 [PtchMtch] Depth-map for image 219 estimated using  8 images: 960x540 (41ms)
21:06:52 [ScnDense] Reference image  85 paired with 8 views
21:06:52 [PtchMtch] Depth-map for image  52 estimated using  8 images: 960x540 (38ms)
21:06:52 [ScnDense] Reference image 149 paired with 8 views
21:06:52 [PtchMtch] Depth-map for image  85 estimated using  8 images: 960x540 (33ms)
21:06:52 [ScnDense] Reference image 229 paired with 8 views
21:06:52 [PtchMtch] Depth-map for image 149 estimated using  8 images: 960x540 (37ms)
21:06:52 [ScnDense] Reference image 239 paired with 8 views
21:06:52 [PtchMtch] Depth-map for image 229 estimated using  8 images: 960x540 (35ms)
21:06:52 [ScnDense] Reference image 107 paired with 8 views
21:06:52 [PtchMtch] Depth-map for image 239 estimated using  8 images: 960x540 (43ms)
21:06:52 [ScnDense] Reference image   8 paired with 8 views
21:06:52 [PtchMtch] Depth-map for image 107 estimated using  8 images: 960x540 (38ms)
21:06:52 [ScnDense] Reference image 129 paired with 8 views
21:06:52 [PtchMtch] Depth-map for image   8 estimated using  8 images: 960x540 (37ms)
21:06:52 [ScnDense] Reference image 118 paired with 8 views
21:06:52 [PtchMtch] Depth-map for image 129 estimated using  8 images: 960x540 (34ms)
21:06:52 [ScnDense] Reference image 170 paired with 8 views
21:06:52 [PtchMtch] Depth-map for image 118 estimated using  8 images: 960x540 (34ms)
21:06:52 [ScnDense] Reference image 249 paired with 8 views
21:06:52 [PtchMtch] Depth-map for image 170 estimated using  8 images: 960x540 (36ms)
21:06:52 [ScnDense] Reference image  31 paired with 8 views
21:06:52 [PtchMtch] Depth-map for image 249 estimated using  8 images: 960x540 (33ms)
21:06:52 [ScnDense] Reference image 139 paired with 8 views
21:06:52 [PtchMtch] Depth-map for image  31 estimated using  8 images: 960x540 (40ms)
21:06:52 [ScnDense] Reference image  42 paired with 8 views
21:06:52 [PtchMtch] Depth-map for image 139 estimated using  8 images: 960x540 (40ms)
21:06:52 [ScnDense] Reference image 180 paired with 8 views
21:06:52 [PtchMtch] Depth-map for image  42 estimated using  8 images: 960x540 (34ms)
21:06:52 [ScnDense] Reference image 190 paired with 8 views
21:06:52 [PtchMtch] Depth-map for image 180 estimated using  8 images: 960x540 (40ms)
21:06:52 [ScnDense] Reference image  97 paired with 8 views
21:06:52 [PtchMtch] Depth-map for image 190 estimated using  8 images: 960x540 (44ms)
21:06:52 [ScnDense] Reference image  64 paired with 8 views
21:06:52 [PtchMtch] Depth-map for image  97 estimated using  8 images: 960x540 (47ms)
21:06:52 [ScnDense] Reference image  75 paired with 8 views
21:06:52 [PtchMtch] Depth-map for image  64 estimated using  8 images: 960x540 (36ms)
21:06:52 [ScnDense] Reference image  20 paired with 8 views
21:06:52 [PtchMtch] Depth-map for image  75 estimated using  8 images: 960x540 (35ms)
21:06:52 [ScnDense] Reference image 210 paired with 8 views
21:06:52 [PtchMtch] Depth-map for image  20 estimated using  8 images: 960x540 (43ms)
21:06:52 [ScnDense] Reference image 160 paired with 8 views
21:06:53 [PtchMtch] Depth-map for image 210 estimated using  8 images: 960x540 (42ms)
21:06:53 [ScnDense] Reference image 200 paired with 8 views
21:06:53 [PtchMtch] Depth-map for image 160 estimated using  8 images: 960x540 (38ms)
21:06:53 [ScnDense] Reference image  53 paired with 8 views
21:06:53 [PtchMtch] Depth-map for image 200 estimated using  8 images: 960x540 (36ms)
21:06:53 [ScnDense] Reference image 220 paired with 8 views
21:06:53 [PtchMtch] Depth-map for image  53 estimated using  8 images: 960x540 (34ms)
21:06:53 [ScnDense] Reference image  86 paired with 8 views
21:06:53 [PtchMtch] Depth-map for image 220 estimated using  8 images: 960x540 (41ms)
21:06:53 [ScnDense] Reference image 230 paired with 8 views
21:06:53 [PtchMtch] Depth-map for image  86 estimated using  8 images: 960x540 (40ms)
21:06:53 [ScnDense] Reference image 240 paired with 8 views
21:06:53 [PtchMtch] Depth-map for image 230 estimated using  8 images: 960x540 (35ms)
21:06:53 [ScnDense] Reference image 108 paired with 8 views
21:06:53 [PtchMtch] Depth-map for image 240 estimated using  8 images: 960x540 (35ms)
21:06:53 [ScnDense] Reference image 130 paired with 8 views
21:06:53 [PtchMtch] Depth-map for image 108 estimated using  8 images: 960x540 (36ms)
21:06:53 [ScnDense] Reference image   9 paired with 8 views
21:06:53 [PtchMtch] Depth-map for image 130 estimated using  8 images: 960x540 (39ms)
21:06:53 [ScnDense] Reference image 119 paired with 8 views
21:06:53 [PtchMtch] Depth-map for image   9 estimated using  8 images: 960x540 (44ms)
21:06:53 [ScnDense] Reference image  32 paired with 8 views
21:06:53 [PtchMtch] Depth-map for image 119 estimated using  8 images: 960x540 (38ms)
21:06:53 [ScnDense] Reference image 150 paired with 8 views
21:06:53 [PtchMtch] Depth-map for image  32 estimated using  8 images: 960x540 (41ms)
21:06:53 [ScnDense] Reference image 250 paired with 8 views
21:06:53 [PtchMtch] Depth-map for image 150 estimated using  8 images: 960x540 (44ms)
21:06:53 [ScnDense] Reference image  43 paired with 8 views
21:06:53 [PtchMtch] Depth-map for image 250 estimated using  8 images: 960x540 (39ms)
21:06:53 [ScnDense] Reference image 140 paired with 8 views
21:06:53 [PtchMtch] Depth-map for image  43 estimated using  8 images: 960x540 (35ms)
21:06:53 [ScnDense] Reference image  98 paired with 8 views
21:06:53 [PtchMtch] Depth-map for image 140 estimated using  8 images: 960x540 (42ms)
21:06:53 [ScnDense] Reference image  21 paired with 8 views
21:06:53 [PtchMtch] Depth-map for image  98 estimated using  8 images: 960x540 (38ms)
21:06:53 [ScnDense] Reference image  76 paired with 8 views
21:06:53 [PtchMtch] Depth-map for image  21 estimated using  8 images: 960x540 (39ms)
21:06:53 [ScnDense] Reference image  65 paired with 8 views
21:06:53 [PtchMtch] Depth-map for image  76 estimated using  8 images: 960x540 (38ms)
21:06:53 [ScnDense] Reference image  54 paired with 8 views
21:06:53 [PtchMtch] Depth-map for image  65 estimated using  8 images: 960x540 (38ms)
21:06:53 [ScnDense] Reference image  87 paired with 8 views
21:06:53 [PtchMtch] Depth-map for image  54 estimated using  8 images: 960x540 (36ms)
21:06:53 [ScnDense] Reference image 120 paired with 8 views
21:06:53 [PtchMtch] Depth-map for image  87 estimated using  8 images: 960x540 (33ms)
21:06:53 [ScnDense] Reference image 109 paired with 8 views
21:06:53 [PtchMtch] Depth-map for image 120 estimated using  8 images: 960x540 (35ms)
21:06:53 [ScnDense] Reference image  10 paired with 8 views
21:06:53 [PtchMtch] Depth-map for image 109 estimated using  8 images: 960x540 (34ms)
21:06:54 [PtchMtch] Depth-map for image  10 estimated using  8 images: 960x540 (36ms)
21:06:54 [ScnDense] [NDRIFT] img   0: |R*R.t()-I|=5.440e-16  raw |n|: max-dev=7.153e-07 mean=5.006e-08 n>1e-4=0/498368  rot R.t()*n: max-dev=7.153e-07 mean=5.194e-08 n>1e-4=0 n>1e-2=0
21:06:55 [ScnDense] [NDRIFT] img   1: |R*R.t()-I|=7.902e-16  raw |n|: max-dev=7.153e-07 mean=5.009e-08 n>1e-4=0/506324  rot R.t()*n: max-dev=7.153e-07 mean=5.190e-08 n>1e-4=0 n>1e-2=0
21:06:56 [ScnDense] [NDRIFT] img   2: |R*R.t()-I|=3.165e-16  raw |n|: max-dev=8.345e-07 mean=4.702e-08 n>1e-4=0/494662  rot R.t()*n: max-dev=8.345e-07 mean=4.911e-08 n>1e-4=0 n>1e-2=0
21:06:56 [ScnDense] [NDRIFT] img   3: |R*R.t()-I|=3.237e-16  raw |n|: max-dev=7.153e-07 mean=4.942e-08 n>1e-4=0/488324  rot R.t()*n: max-dev=7.153e-07 mean=5.118e-08 n>1e-4=0 n>1e-2=0
21:06:57 [ScnDense] [NDRIFT] img   4: |R*R.t()-I|=6.967e-16  raw |n|: max-dev=7.153e-07 mean=5.094e-08 n>1e-4=0/493633  rot R.t()*n: max-dev=7.153e-07 mean=5.295e-08 n>1e-4=0 n>1e-2=0
21:06:57 [ScnDense] [NDRIFT] img   8: |R*R.t()-I|=4.140e-16  raw |n|: max-dev=7.153e-07 mean=4.830e-08 n>1e-4=0/500234  rot R.t()*n: max-dev=7.153e-07 mean=5.030e-08 n>1e-4=0 n>1e-2=0
21:06:57 [ScnDense] [NDRIFT] img 130: |R*R.t()-I|=5.042e-16  raw |n|: max-dev=8.345e-07 mean=5.155e-08 n>1e-4=0/502337  rot R.t()*n: max-dev=8.345e-07 mean=5.345e-08 n>1e-4=0 n>1e-2=0
21:06:58 [ScnDense] [NDRIFT] img 129: |R*R.t()-I|=5.342e-16  raw |n|: max-dev=7.153e-07 mean=4.983e-08 n>1e-4=0/507242  rot R.t()*n: max-dev=7.153e-07 mean=5.177e-08 n>1e-4=0 n>1e-2=0
21:06:58 [ScnDense] [NDRIFT] img 133: |R*R.t()-I|=1.174e-15  raw |n|: max-dev=7.153e-07 mean=5.048e-08 n>1e-4=0/506959  rot R.t()*n: max-dev=7.153e-07 mean=5.227e-08 n>1e-4=0 n>1e-2=0
21:06:58 [ScnDense] [NDRIFT] img 200: |R*R.t()-I|=5.510e-16  raw |n|: max-dev=7.153e-07 mean=4.919e-08 n>1e-4=0/504731  rot R.t()*n: max-dev=7.153e-07 mean=5.103e-08 n>1e-4=0 n>1e-2=0
21:06:58 [ScnDense] [NDRIFT] img 128: |R*R.t()-I|=3.557e-16  raw |n|: max-dev=7.153e-07 mean=5.120e-08 n>1e-4=0/498385  rot R.t()*n: max-dev=7.153e-07 mean=5.309e-08 n>1e-4=0 n>1e-2=0
21:06:58 [ScnDense] [NDRIFT] img 127: |R*R.t()-I|=6.404e-16  raw |n|: max-dev=7.153e-07 mean=5.272e-08 n>1e-4=0/496568  rot R.t()*n: max-dev=7.153e-07 mean=5.452e-08 n>1e-4=0 n>1e-2=0
21:06:59 [ScnDense] [NDRIFT] img 131: |R*R.t()-I|=3.331e-16  raw |n|: max-dev=7.153e-07 mean=5.103e-08 n>1e-4=0/500018  rot R.t()*n: max-dev=8.345e-07 mean=5.283e-08 n>1e-4=0 n>1e-2=0
21:06:59 [ScnDense] [NDRIFT] img   5: |R*R.t()-I|=5.404e-16  raw |n|: max-dev=7.153e-07 mean=4.863e-08 n>1e-4=0/503265  rot R.t()*n: max-dev=7.153e-07 mean=5.039e-08 n>1e-4=0 n>1e-2=0
21:06:59 [ScnDense] [NDRIFT] img   6: |R*R.t()-I|=8.671e-16  raw |n|: max-dev=7.153e-07 mean=4.881e-08 n>1e-4=0/505022  rot R.t()*n: max-dev=7.153e-07 mean=5.067e-08 n>1e-4=0 n>1e-2=0
21:06:59 [ScnDense] [NDRIFT] img   7: |R*R.t()-I|=2.831e-16  raw |n|: max-dev=7.153e-07 mean=4.744e-08 n>1e-4=0/506919  rot R.t()*n: max-dev=7.153e-07 mean=4.946e-08 n>1e-4=0 n>1e-2=0
21:06:59 [ScnDense] [NDRIFT] img 199: |R*R.t()-I|=4.744e-16  raw |n|: max-dev=7.153e-07 mean=4.889e-08 n>1e-4=0/501418  rot R.t()*n: max-dev=7.153e-07 mean=5.079e-08 n>1e-4=0 n>1e-2=0
21:06:59 [ScnDense] [NDRIFT] img 132: |R*R.t()-I|=6.300e-16  raw |n|: max-dev=8.345e-07 mean=5.100e-08 n>1e-4=0/504450  rot R.t()*n: max-dev=8.345e-07 mean=5.281e-08 n>1e-4=0 n>1e-2=0
21:06:59 [ScnDense] [NDRIFT] img 201: |R*R.t()-I|=6.287e-16  raw |n|: max-dev=7.153e-07 mean=4.640e-08 n>1e-4=0/463812  rot R.t()*n: max-dev=5.960e-07 mean=4.822e-08 n>1e-4=0 n>1e-2=0
21:06:59 [ScnDense] [NDRIFT] img 202: |R*R.t()-I|=6.381e-16  raw |n|: max-dev=8.345e-07 mean=5.101e-08 n>1e-4=0/491194  rot R.t()*n: max-dev=8.345e-07 mean=5.284e-08 n>1e-4=0 n>1e-2=0
21:07:00 [ScnDense] [NDRIFT] img 203: |R*R.t()-I|=3.284e-16  raw |n|: max-dev=7.153e-07 mean=4.947e-08 n>1e-4=0/484769  rot R.t()*n: max-dev=7.153e-07 mean=5.113e-08 n>1e-4=0 n>1e-2=0
21:07:00 [ScnDense] [NDRIFT] img 204: |R*R.t()-I|=3.624e-16  raw |n|: max-dev=5.960e-07 mean=5.113e-08 n>1e-4=0/480709  rot R.t()*n: max-dev=7.153e-07 mean=5.306e-08 n>1e-4=0 n>1e-2=0
21:07:00 [ScnDense] [NDRIFT] img 205: |R*R.t()-I|=4.079e-16  raw |n|: max-dev=7.153e-07 mean=4.972e-08 n>1e-4=0/494240  rot R.t()*n: max-dev=8.345e-07 mean=5.169e-08 n>1e-4=0 n>1e-2=0
21:07:00 [ScnDense] [NDRIFT] img   9: |R*R.t()-I|=5.995e-16  raw |n|: max-dev=7.153e-07 mean=4.320e-08 n>1e-4=0/498437  rot R.t()*n: max-dev=7.153e-07 mean=4.536e-08 n>1e-4=0 n>1e-2=0
21:07:01 [ScnDense] [NDRIFT] img  10: |R*R.t()-I|=3.866e-16  raw |n|: max-dev=7.153e-07 mean=4.496e-08 n>1e-4=0/502167  rot R.t()*n: max-dev=7.153e-07 mean=4.710e-08 n>1e-4=0 n>1e-2=0
21:07:01 [ScnDense] [NDRIFT] img 134: |R*R.t()-I|=8.346e-16  raw |n|: max-dev=7.153e-07 mean=4.381e-08 n>1e-4=0/503962  rot R.t()*n: max-dev=7.153e-07 mean=4.567e-08 n>1e-4=0 n>1e-2=0
21:07:01 [ScnDense] [NDRIFT] img 198: |R*R.t()-I|=6.285e-16  raw |n|: max-dev=7.153e-07 mean=4.846e-08 n>1e-4=0/503817  rot R.t()*n: max-dev=7.153e-07 mean=5.026e-08 n>1e-4=0 n>1e-2=0
21:07:01 [ScnDense] [NDRIFT] img 196: |R*R.t()-I|=3.204e-16  raw |n|: max-dev=7.153e-07 mean=5.191e-08 n>1e-4=0/510551  rot R.t()*n: max-dev=7.153e-07 mean=5.364e-08 n>1e-4=0 n>1e-2=0
21:07:02 [ScnDense] [NDRIFT] img 195: |R*R.t()-I|=4.613e-16  raw |n|: max-dev=7.153e-07 mean=5.088e-08 n>1e-4=0/507859  rot R.t()*n: max-dev=8.345e-07 mean=5.271e-08 n>1e-4=0 n>1e-2=0
21:07:02 [ScnDense] [NDRIFT] img 194: |R*R.t()-I|=3.385e-16  raw |n|: max-dev=7.153e-07 mean=5.413e-08 n>1e-4=0/511105  rot R.t()*n: max-dev=7.153e-07 mean=5.597e-08 n>1e-4=0 n>1e-2=0
21:07:02 [ScnDense] [NDRIFT] img 126: |R*R.t()-I|=3.172e-16  raw |n|: max-dev=7.153e-07 mean=5.302e-08 n>1e-4=0/503521  rot R.t()*n: max-dev=8.345e-07 mean=5.475e-08 n>1e-4=0 n>1e-2=0
21:07:02 [ScnDense] [NDRIFT] img 197: |R*R.t()-I|=3.145e-16  raw |n|: max-dev=1.073e-06 mean=5.010e-08 n>1e-4=0/506358  rot R.t()*n: max-dev=1.073e-06 mean=5.196e-08 n>1e-4=0 n>1e-2=0
21:07:02 [ScnDense] [NDRIFT] img 125: |R*R.t()-I|=6.881e-16  raw |n|: max-dev=7.153e-07 mean=5.221e-08 n>1e-4=0/508073  rot R.t()*n: max-dev=7.153e-07 mean=5.408e-08 n>1e-4=0 n>1e-2=0
21:07:03 [ScnDense] [NDRIFT] img 193: |R*R.t()-I|=7.554e-16  raw |n|: max-dev=7.153e-07 mean=5.412e-08 n>1e-4=0/511575  rot R.t()*n: max-dev=7.153e-07 mean=5.576e-08 n>1e-4=0 n>1e-2=0
21:07:03 [ScnDense] [NDRIFT] img 192: |R*R.t()-I|=3.124e-16  raw |n|: max-dev=5.960e-07 mean=5.436e-08 n>1e-4=0/514551  rot R.t()*n: max-dev=5.960e-07 mean=5.598e-08 n>1e-4=0 n>1e-2=0
21:07:03 [ScnDense] [NDRIFT] img 124: |R*R.t()-I|=4.233e-16  raw |n|: max-dev=7.153e-07 mean=5.173e-08 n>1e-4=0/510009  rot R.t()*n: max-dev=8.345e-07 mean=5.357e-08 n>1e-4=0 n>1e-2=0
21:07:04 [ScnDense] [NDRIFT] img 191: |R*R.t()-I|=6.621e-16  raw |n|: max-dev=7.153e-07 mean=5.506e-08 n>1e-4=0/513836  rot R.t()*n: max-dev=7.153e-07 mean=5.669e-08 n>1e-4=0 n>1e-2=0
21:07:04 [ScnDense] [NDRIFT] img 123: |R*R.t()-I|=7.553e-16  raw |n|: max-dev=7.153e-07 mean=5.136e-08 n>1e-4=0/508432  rot R.t()*n: max-dev=7.153e-07 mean=5.321e-08 n>1e-4=0 n>1e-2=0
21:07:04 [ScnDense] [NDRIFT] img 190: |R*R.t()-I|=2.288e-16  raw |n|: max-dev=7.153e-07 mean=5.343e-08 n>1e-4=0/511424  rot R.t()*n: max-dev=7.153e-07 mean=5.514e-08 n>1e-4=0 n>1e-2=0
21:07:04 [ScnDense] [NDRIFT] img 135: |R*R.t()-I|=7.375e-16  raw |n|: max-dev=7.153e-07 mean=4.723e-08 n>1e-4=0/509454  rot R.t()*n: max-dev=7.153e-07 mean=4.909e-08 n>1e-4=0 n>1e-2=0
21:07:05 [ScnDense] [NDRIFT] img  11: |R*R.t()-I|=5.073e-16  raw |n|: max-dev=5.960e-07 mean=4.592e-08 n>1e-4=0/501026  rot R.t()*n: max-dev=5.960e-07 mean=4.794e-08 n>1e-4=0 n>1e-2=0
21:07:05 [ScnDense] [NDRIFT] img 136: |R*R.t()-I|=5.940e-16  raw |n|: max-dev=8.345e-07 mean=4.776e-08 n>1e-4=0/510164  rot R.t()*n: max-dev=8.345e-07 mean=4.963e-08 n>1e-4=0 n>1e-2=0
21:07:06 [ScnDense] [NDRIFT] img  12: |R*R.t()-I|=4.140e-16  raw |n|: max-dev=7.153e-07 mean=4.662e-08 n>1e-4=0/502784  rot R.t()*n: max-dev=7.153e-07 mean=4.855e-08 n>1e-4=0 n>1e-2=0
21:07:06 [ScnDense] [NDRIFT] img  13: |R*R.t()-I|=2.748e-16  raw |n|: max-dev=7.153e-07 mean=4.632e-08 n>1e-4=0/504558  rot R.t()*n: max-dev=7.153e-07 mean=4.840e-08 n>1e-4=0 n>1e-2=0
21:07:06 [ScnDense] [NDRIFT] img 137: |R*R.t()-I|=6.845e-16  raw |n|: max-dev=7.153e-07 mean=4.874e-08 n>1e-4=0/504579  rot R.t()*n: max-dev=7.153e-07 mean=5.051e-08 n>1e-4=0 n>1e-2=0
21:07:06 [ScnDense] [NDRIFT] img 122: |R*R.t()-I|=6.397e-16  raw |n|: max-dev=7.153e-07 mean=4.833e-08 n>1e-4=0/503651  rot R.t()*n: max-dev=7.153e-07 mean=5.029e-08 n>1e-4=0 n>1e-2=0
21:07:07 [ScnDense] [NDRIFT] img 121: |R*R.t()-I|=6.911e-16  raw |n|: max-dev=7.153e-07 mean=4.929e-08 n>1e-4=0/500820  rot R.t()*n: max-dev=7.153e-07 mean=5.112e-08 n>1e-4=0 n>1e-2=0
21:07:07 [ScnDense] [NDRIFT] img 188: |R*R.t()-I|=2.451e-16  raw |n|: max-dev=7.153e-07 mean=5.179e-08 n>1e-4=0/511593  rot R.t()*n: max-dev=7.153e-07 mean=5.381e-08 n>1e-4=0 n>1e-2=0
21:07:07 [ScnDense] [NDRIFT] img 189: |R*R.t()-I|=6.461e-16  raw |n|: max-dev=7.153e-07 mean=5.364e-08 n>1e-4=0/512131  rot R.t()*n: max-dev=8.345e-07 mean=5.543e-08 n>1e-4=0 n>1e-2=0
21:07:08 [ScnDense] [NDRIFT] img 120: |R*R.t()-I|=1.755e-16  raw |n|: max-dev=7.153e-07 mean=4.584e-08 n>1e-4=0/502437  rot R.t()*n: max-dev=7.153e-07 mean=4.795e-08 n>1e-4=0 n>1e-2=0
21:07:08 [ScnDense] [NDRIFT] img 187: |R*R.t()-I|=1.021e-15  raw |n|: max-dev=7.153e-07 mean=4.989e-08 n>1e-4=0/509642  rot R.t()*n: max-dev=7.153e-07 mean=5.177e-08 n>1e-4=0 n>1e-2=0
21:07:08 [ScnDense] [NDRIFT] img 119: |R*R.t()-I|=8.485e-16  raw |n|: max-dev=7.153e-07 mean=4.618e-08 n>1e-4=0/502080  rot R.t()*n: max-dev=7.153e-07 mean=4.825e-08 n>1e-4=0 n>1e-2=0
21:07:08 [ScnDense] [NDRIFT] img 118: |R*R.t()-I|=8.707e-16  raw |n|: max-dev=8.345e-07 mean=4.720e-08 n>1e-4=0/489823  rot R.t()*n: max-dev=8.345e-07 mean=4.920e-08 n>1e-4=0 n>1e-2=0
21:07:08 [ScnDense] [NDRIFT] img 116: |R*R.t()-I|=1.199e-15  raw |n|: max-dev=7.153e-07 mean=4.662e-08 n>1e-4=0/507757  rot R.t()*n: max-dev=7.153e-07 mean=4.877e-08 n>1e-4=0 n>1e-2=0
21:07:09 [ScnDense] [NDRIFT] img 117: |R*R.t()-I|=7.938e-16  raw |n|: max-dev=8.345e-07 mean=4.675e-08 n>1e-4=0/501240  rot R.t()*n: max-dev=7.153e-07 mean=4.882e-08 n>1e-4=0 n>1e-2=0
21:07:09 [ScnDense] [NDRIFT] img 186: |R*R.t()-I|=4.682e-16  raw |n|: max-dev=7.153e-07 mean=5.241e-08 n>1e-4=0/502414  rot R.t()*n: max-dev=7.153e-07 mean=5.445e-08 n>1e-4=0 n>1e-2=0
21:07:09 [ScnDense] [NDRIFT] img 185: |R*R.t()-I|=5.641e-16  raw |n|: max-dev=7.153e-07 mean=5.231e-08 n>1e-4=0/504355  rot R.t()*n: max-dev=7.153e-07 mean=5.432e-08 n>1e-4=0 n>1e-2=0
21:07:09 [ScnDense] [NDRIFT] img 115: |R*R.t()-I|=7.502e-16  raw |n|: max-dev=8.345e-07 mean=4.745e-08 n>1e-4=0/503170  rot R.t()*n: max-dev=8.345e-07 mean=4.956e-08 n>1e-4=0 n>1e-2=0
21:07:10 [ScnDense] [NDRIFT] img 114: |R*R.t()-I|=5.396e-16  raw |n|: max-dev=8.345e-07 mean=4.918e-08 n>1e-4=0/501855  rot R.t()*n: max-dev=8.345e-07 mean=5.116e-08 n>1e-4=0 n>1e-2=0
21:07:10 [ScnDense] [NDRIFT] img 184: |R*R.t()-I|=4.003e-16  raw |n|: max-dev=7.153e-07 mean=5.249e-08 n>1e-4=0/511043  rot R.t()*n: max-dev=7.153e-07 mean=5.446e-08 n>1e-4=0 n>1e-2=0
21:07:10 [ScnDense] [NDRIFT] img 113: |R*R.t()-I|=3.313e-16  raw |n|: max-dev=7.153e-07 mean=4.813e-08 n>1e-4=0/506507  rot R.t()*n: max-dev=7.153e-07 mean=5.009e-08 n>1e-4=0 n>1e-2=0
21:07:10 [ScnDense] [NDRIFT] img 183: |R*R.t()-I|=3.219e-16  raw |n|: max-dev=8.345e-07 mean=5.422e-08 n>1e-4=0/512127  rot R.t()*n: max-dev=8.345e-07 mean=5.590e-08 n>1e-4=0 n>1e-2=0
21:07:11 [ScnDense] [NDRIFT] img 112: |R*R.t()-I|=3.866e-16  raw |n|: max-dev=7.153e-07 mean=4.890e-08 n>1e-4=0/507765  rot R.t()*n: max-dev=7.153e-07 mean=5.082e-08 n>1e-4=0 n>1e-2=0
21:07:11 [ScnDense] [NDRIFT] img 182: |R*R.t()-I|=4.775e-16  raw |n|: max-dev=7.153e-07 mean=5.059e-08 n>1e-4=0/513052  rot R.t()*n: max-dev=7.153e-07 mean=5.243e-08 n>1e-4=0 n>1e-2=0
21:07:11 [ScnDense] [NDRIFT] img 111: |R*R.t()-I|=3.195e-16  raw |n|: max-dev=7.153e-07 mean=4.695e-08 n>1e-4=0/506847  rot R.t()*n: max-dev=7.153e-07 mean=4.906e-08 n>1e-4=0 n>1e-2=0
21:07:11 [ScnDense] [NDRIFT] img 181: |R*R.t()-I|=5.207e-16  raw |n|: max-dev=7.153e-07 mean=4.976e-08 n>1e-4=0/512987  rot R.t()*n: max-dev=7.153e-07 mean=5.176e-08 n>1e-4=0 n>1e-2=0
21:07:11 [ScnDense] [NDRIFT] img 110: |R*R.t()-I|=4.154e-16  raw |n|: max-dev=7.153e-07 mean=4.590e-08 n>1e-4=0/499880  rot R.t()*n: max-dev=7.153e-07 mean=4.770e-08 n>1e-4=0 n>1e-2=0
21:07:12 [ScnDense] [NDRIFT] img 109: |R*R.t()-I|=2.382e-16  raw |n|: max-dev=7.153e-07 mean=4.606e-08 n>1e-4=0/503248  rot R.t()*n: max-dev=7.153e-07 mean=4.812e-08 n>1e-4=0 n>1e-2=0
21:07:12 [ScnDense] [NDRIFT] img 180: |R*R.t()-I|=4.507e-16  raw |n|: max-dev=8.345e-07 mean=4.968e-08 n>1e-4=0/509939  rot R.t()*n: max-dev=8.345e-07 mean=5.164e-08 n>1e-4=0 n>1e-2=0
21:07:12 [ScnDense] [NDRIFT] img 179: |R*R.t()-I|=2.811e-16  raw |n|: max-dev=7.153e-07 mean=4.976e-08 n>1e-4=0/508248  rot R.t()*n: max-dev=7.153e-07 mean=5.159e-08 n>1e-4=0 n>1e-2=0
21:07:13 [ScnDense] [NDRIFT] img 108: |R*R.t()-I|=3.782e-16  raw |n|: max-dev=7.153e-07 mean=4.720e-08 n>1e-4=0/501915  rot R.t()*n: max-dev=7.153e-07 mean=4.934e-08 n>1e-4=0 n>1e-2=0
21:07:13 [ScnDense] [NDRIFT] img 107: |R*R.t()-I|=4.328e-16  raw |n|: max-dev=7.153e-07 mean=4.751e-08 n>1e-4=0/502561  rot R.t()*n: max-dev=8.345e-07 mean=4.942e-08 n>1e-4=0 n>1e-2=0
21:07:13 [ScnDense] [NDRIFT] img 178: |R*R.t()-I|=4.459e-16  raw |n|: max-dev=7.153e-07 mean=5.109e-08 n>1e-4=0/508875  rot R.t()*n: max-dev=7.153e-07 mean=5.301e-08 n>1e-4=0 n>1e-2=0
21:07:14 [ScnDense] [NDRIFT] img 106: |R*R.t()-I|=7.876e-16  raw |n|: max-dev=7.153e-07 mean=4.390e-08 n>1e-4=0/482177  rot R.t()*n: max-dev=7.153e-07 mean=4.598e-08 n>1e-4=0 n>1e-2=0
21:07:14 [ScnDense] [NDRIFT] img 105: |R*R.t()-I|=4.855e-16  raw |n|: max-dev=8.345e-07 mean=4.682e-08 n>1e-4=0/500642  rot R.t()*n: max-dev=8.345e-07 mean=4.911e-08 n>1e-4=0 n>1e-2=0
21:07:14 [ScnDense] [NDRIFT] img 177: |R*R.t()-I|=8.075e-16  raw |n|: max-dev=7.153e-07 mean=5.258e-08 n>1e-4=0/510808  rot R.t()*n: max-dev=7.153e-07 mean=5.441e-08 n>1e-4=0 n>1e-2=0
21:07:14 [ScnDense] [NDRIFT] img 104: |R*R.t()-I|=1.119e-15  raw |n|: max-dev=7.153e-07 mean=4.671e-08 n>1e-4=0/500477  rot R.t()*n: max-dev=7.153e-07 mean=4.886e-08 n>1e-4=0 n>1e-2=0
21:07:14 [ScnDense] [NDRIFT] img 103: |R*R.t()-I|=3.066e-16  raw |n|: max-dev=7.153e-07 mean=4.691e-08 n>1e-4=0/497438  rot R.t()*n: max-dev=7.153e-07 mean=4.894e-08 n>1e-4=0 n>1e-2=0
21:07:15 [ScnDense] [NDRIFT] img 176: |R*R.t()-I|=2.755e-16  raw |n|: max-dev=7.153e-07 mean=4.900e-08 n>1e-4=0/510374  rot R.t()*n: max-dev=8.345e-07 mean=5.116e-08 n>1e-4=0 n>1e-2=0
21:07:15 [ScnDense] [NDRIFT] img 102: |R*R.t()-I|=5.551e-16  raw |n|: max-dev=7.153e-07 mean=4.580e-08 n>1e-4=0/502382  rot R.t()*n: max-dev=7.153e-07 mean=4.769e-08 n>1e-4=0 n>1e-2=0
21:07:15 [ScnDense] [NDRIFT] img 175: |R*R.t()-I|=6.020e-16  raw |n|: max-dev=9.537e-07 mean=4.998e-08 n>1e-4=0/512377  rot R.t()*n: max-dev=9.537e-07 mean=5.215e-08 n>1e-4=0 n>1e-2=0
21:07:15 [ScnDense] [NDRIFT] img 101: |R*R.t()-I|=3.066e-16  raw |n|: max-dev=8.345e-07 mean=4.736e-08 n>1e-4=0/505888  rot R.t()*n: max-dev=8.345e-07 mean=4.944e-08 n>1e-4=0 n>1e-2=0
21:07:16 [ScnDense] [NDRIFT] img 174: |R*R.t()-I|=1.112e-15  raw |n|: max-dev=7.153e-07 mean=5.053e-08 n>1e-4=0/512762  rot R.t()*n: max-dev=7.153e-07 mean=5.256e-08 n>1e-4=0 n>1e-2=0
21:07:16 [ScnDense] [NDRIFT] img 100: |R*R.t()-I|=6.438e-16  raw |n|: max-dev=8.345e-07 mean=4.584e-08 n>1e-4=0/500133  rot R.t()*n: max-dev=8.345e-07 mean=4.802e-08 n>1e-4=0 n>1e-2=0
21:07:16 [ScnDense] [NDRIFT] img 173: |R*R.t()-I|=7.388e-16  raw |n|: max-dev=7.153e-07 mean=5.107e-08 n>1e-4=0/511648  rot R.t()*n: max-dev=7.153e-07 mean=5.303e-08 n>1e-4=0 n>1e-2=0
21:07:16 [ScnDense] [NDRIFT] img  99: |R*R.t()-I|=7.448e-16  raw |n|: max-dev=8.345e-07 mean=4.462e-08 n>1e-4=0/503810  rot R.t()*n: max-dev=8.345e-07 mean=4.673e-08 n>1e-4=0 n>1e-2=0
21:07:17 [ScnDense] [NDRIFT] img 172: |R*R.t()-I|=7.259e-16  raw |n|: max-dev=7.153e-07 mean=5.056e-08 n>1e-4=0/511414  rot R.t()*n: max-dev=7.153e-07 mean=5.252e-08 n>1e-4=0 n>1e-2=0
21:07:17 [ScnDense] [NDRIFT] img  98: |R*R.t()-I|=6.900e-16  raw |n|: max-dev=7.153e-07 mean=4.690e-08 n>1e-4=0/497953  rot R.t()*n: max-dev=7.153e-07 mean=4.907e-08 n>1e-4=0 n>1e-2=0
21:07:17 [ScnDense] [NDRIFT] img  97: |R*R.t()-I|=5.266e-16  raw |n|: max-dev=7.153e-07 mean=4.606e-08 n>1e-4=0/500503  rot R.t()*n: max-dev=7.153e-07 mean=4.823e-08 n>1e-4=0 n>1e-2=0
21:07:18 [ScnDense] [NDRIFT] img 171: |R*R.t()-I|=2.858e-16  raw |n|: max-dev=8.345e-07 mean=5.061e-08 n>1e-4=0/509166  rot R.t()*n: max-dev=7.153e-07 mean=5.260e-08 n>1e-4=0 n>1e-2=0
21:07:18 [ScnDense] [NDRIFT] img 206: |R*R.t()-I|=7.065e-16  raw |n|: max-dev=7.153e-07 mean=4.969e-08 n>1e-4=0/503659  rot R.t()*n: max-dev=7.153e-07 mean=5.202e-08 n>1e-4=0 n>1e-2=0
21:07:18 [ScnDense] [NDRIFT] img 207: |R*R.t()-I|=4.510e-16  raw |n|: max-dev=7.153e-07 mean=4.781e-08 n>1e-4=0/495329  rot R.t()*n: max-dev=7.153e-07 mean=5.004e-08 n>1e-4=0 n>1e-2=0
21:07:18 [ScnDense] [NDRIFT] img  14: |R*R.t()-I|=3.331e-16  raw |n|: max-dev=7.153e-07 mean=4.814e-08 n>1e-4=0/486891  rot R.t()*n: max-dev=7.153e-07 mean=5.009e-08 n>1e-4=0 n>1e-2=0
21:07:19 [ScnDense] [NDRIFT] img 138: |R*R.t()-I|=5.171e-16  raw |n|: max-dev=7.153e-07 mean=4.704e-08 n>1e-4=0/511118  rot R.t()*n: max-dev=7.153e-07 mean=4.875e-08 n>1e-4=0 n>1e-2=0
21:07:19 [ScnDense] [NDRIFT] img  15: |R*R.t()-I|=8.644e-16  raw |n|: max-dev=7.153e-07 mean=4.988e-08 n>1e-4=0/474236  rot R.t()*n: max-dev=7.153e-07 mean=5.204e-08 n>1e-4=0 n>1e-2=0
21:07:19 [ScnDense] [NDRIFT] img  16: |R*R.t()-I|=4.727e-16  raw |n|: max-dev=9.537e-07 mean=4.895e-08 n>1e-4=0/465632  rot R.t()*n: max-dev=9.537e-07 mean=5.114e-08 n>1e-4=0 n>1e-2=0
21:07:20 [ScnDense] [NDRIFT] img 139: |R*R.t()-I|=3.871e-16  raw |n|: max-dev=7.153e-07 mean=5.086e-08 n>1e-4=0/497137  rot R.t()*n: max-dev=7.153e-07 mean=5.303e-08 n>1e-4=0 n>1e-2=0
21:07:20 [ScnDense] [NDRIFT] img 209: |R*R.t()-I|=6.889e-16  raw |n|: max-dev=7.153e-07 mean=5.238e-08 n>1e-4=0/496077  rot R.t()*n: max-dev=8.345e-07 mean=5.460e-08 n>1e-4=0 n>1e-2=0
21:07:21 [ScnDense] [NDRIFT] img  17: |R*R.t()-I|=4.965e-16  raw |n|: max-dev=7.153e-07 mean=4.851e-08 n>1e-4=0/456352  rot R.t()*n: max-dev=7.153e-07 mean=5.084e-08 n>1e-4=0 n>1e-2=0
21:07:21 [ScnDense] [NDRIFT] img  18: |R*R.t()-I|=6.185e-16  raw |n|: max-dev=7.153e-07 mean=4.979e-08 n>1e-4=0/469057  rot R.t()*n: max-dev=7.153e-07 mean=5.183e-08 n>1e-4=0 n>1e-2=0
21:07:21 [ScnDense] [NDRIFT] img  19: |R*R.t()-I|=4.428e-16  raw |n|: max-dev=7.153e-07 mean=5.116e-08 n>1e-4=0/479159  rot R.t()*n: max-dev=7.153e-07 mean=5.304e-08 n>1e-4=0 n>1e-2=0
21:07:21 [ScnDense] [NDRIFT] img  20: |R*R.t()-I|=8.953e-16  raw |n|: max-dev=7.153e-07 mean=5.257e-08 n>1e-4=0/501731  rot R.t()*n: max-dev=7.153e-07 mean=5.432e-08 n>1e-4=0 n>1e-2=0
21:07:22 [ScnDense] [NDRIFT] img  42: |R*R.t()-I|=6.357e-16  raw |n|: max-dev=8.345e-07 mean=4.931e-08 n>1e-4=0/504376  rot R.t()*n: max-dev=7.153e-07 mean=5.124e-08 n>1e-4=0 n>1e-2=0
21:07:22 [ScnDense] [NDRIFT] img  43: |R*R.t()-I|=1.138e-15  raw |n|: max-dev=7.153e-07 mean=5.047e-08 n>1e-4=0/502762  rot R.t()*n: max-dev=7.153e-07 mean=5.238e-08 n>1e-4=0 n>1e-2=0
21:07:22 [ScnDense] [NDRIFT] img  44: |R*R.t()-I|=7.772e-16  raw |n|: max-dev=8.345e-07 mean=5.274e-08 n>1e-4=0/501608  rot R.t()*n: max-dev=8.345e-07 mean=5.475e-08 n>1e-4=0 n>1e-2=0
21:07:23 [ScnDense] [NDRIFT] img 208: |R*R.t()-I|=5.715e-16  raw |n|: max-dev=5.960e-07 mean=4.964e-08 n>1e-4=0/503381  rot R.t()*n: max-dev=7.153e-07 mean=5.169e-08 n>1e-4=0 n>1e-2=0
21:07:23 [ScnDense] [NDRIFT] img  21: |R*R.t()-I|=6.181e-16  raw |n|: max-dev=7.153e-07 mean=5.152e-08 n>1e-4=0/505407  rot R.t()*n: max-dev=7.153e-07 mean=5.342e-08 n>1e-4=0 n>1e-2=0
21:07:23 [ScnDense] [NDRIFT] img  22: |R*R.t()-I|=1.436e-15  raw |n|: max-dev=8.345e-07 mean=5.157e-08 n>1e-4=0/507026  rot R.t()*n: max-dev=7.153e-07 mean=5.352e-08 n>1e-4=0 n>1e-2=0
21:07:23 [ScnDense] [NDRIFT] img  23: |R*R.t()-I|=4.619e-16  raw |n|: max-dev=7.153e-07 mean=5.322e-08 n>1e-4=0/505876  rot R.t()*n: max-dev=7.153e-07 mean=5.507e-08 n>1e-4=0 n>1e-2=0
21:07:23 [ScnDense] [NDRIFT] img  41: |R*R.t()-I|=8.680e-16  raw |n|: max-dev=7.153e-07 mean=4.892e-08 n>1e-4=0/497012  rot R.t()*n: max-dev=7.153e-07 mean=5.089e-08 n>1e-4=0 n>1e-2=0
21:07:24 [ScnDense] [NDRIFT] img  45: |R*R.t()-I|=4.177e-16  raw |n|: max-dev=8.345e-07 mean=5.381e-08 n>1e-4=0/502554  rot R.t()*n: max-dev=7.153e-07 mean=5.575e-08 n>1e-4=0 n>1e-2=0
21:07:24 [ScnDense] [NDRIFT] img  46: |R*R.t()-I|=9.710e-16  raw |n|: max-dev=7.153e-07 mean=5.543e-08 n>1e-4=0/502126  rot R.t()*n: max-dev=7.153e-07 mean=5.717e-08 n>1e-4=0 n>1e-2=0
21:07:24 [ScnDense] [NDRIFT] img  40: |R*R.t()-I|=5.281e-16  raw |n|: max-dev=7.153e-07 mean=4.782e-08 n>1e-4=0/497053  rot R.t()*n: max-dev=7.153e-07 mean=5.000e-08 n>1e-4=0 n>1e-2=0
21:07:24 [ScnDense] [NDRIFT] img 140: |R*R.t()-I|=2.255e-16  raw |n|: max-dev=7.153e-07 mean=5.179e-08 n>1e-4=0/493089  rot R.t()*n: max-dev=7.153e-07 mean=5.408e-08 n>1e-4=0 n>1e-2=0
21:07:24 [ScnDense] [NDRIFT] img 210: |R*R.t()-I|=2.513e-16  raw |n|: max-dev=8.345e-07 mean=5.130e-08 n>1e-4=0/493584  rot R.t()*n: max-dev=8.345e-07 mean=5.352e-08 n>1e-4=0 n>1e-2=0
21:07:24 [ScnDense] [NDRIFT] img  39: |R*R.t()-I|=4.228e-16  raw |n|: max-dev=8.345e-07 mean=4.871e-08 n>1e-4=0/501775  rot R.t()*n: max-dev=8.345e-07 mean=5.071e-08 n>1e-4=0 n>1e-2=0
21:07:24 [ScnDense] [NDRIFT] img 211: |R*R.t()-I|=4.121e-16  raw |n|: max-dev=7.153e-07 mean=5.055e-08 n>1e-4=0/499026  rot R.t()*n: max-dev=7.153e-07 mean=5.261e-08 n>1e-4=0 n>1e-2=0
21:07:25 [ScnDense] [NDRIFT] img  38: |R*R.t()-I|=3.354e-16  raw |n|: max-dev=7.153e-07 mean=4.677e-08 n>1e-4=0/498966  rot R.t()*n: max-dev=7.153e-07 mean=4.905e-08 n>1e-4=0 n>1e-2=0
21:07:25 [ScnDense] [NDRIFT] img  47: |R*R.t()-I|=4.318e-16  raw |n|: max-dev=7.153e-07 mean=5.680e-08 n>1e-4=0/501668  rot R.t()*n: max-dev=7.153e-07 mean=5.870e-08 n>1e-4=0 n>1e-2=0
21:07:25 [ScnDense] [NDRIFT] img 212: |R*R.t()-I|=9.264e-16  raw |n|: max-dev=7.153e-07 mean=4.977e-08 n>1e-4=0/482960  rot R.t()*n: max-dev=8.345e-07 mean=5.200e-08 n>1e-4=0 n>1e-2=0
21:07:26 [ScnDense] [NDRIFT] img  37: |R*R.t()-I|=5.661e-16  raw |n|: max-dev=7.153e-07 mean=4.884e-08 n>1e-4=0/493191  rot R.t()*n: max-dev=7.153e-07 mean=5.088e-08 n>1e-4=0 n>1e-2=0
21:07:26 [ScnDense] [NDRIFT] img  36: |R*R.t()-I|=5.499e-16  raw |n|: max-dev=7.153e-07 mean=5.053e-08 n>1e-4=0/498068  rot R.t()*n: max-dev=7.153e-07 mean=5.270e-08 n>1e-4=0 n>1e-2=0
21:07:26 [ScnDense] [NDRIFT] img  48: |R*R.t()-I|=5.428e-16  raw |n|: max-dev=7.153e-07 mean=5.455e-08 n>1e-4=0/502955  rot R.t()*n: max-dev=7.153e-07 mean=5.644e-08 n>1e-4=0 n>1e-2=0
21:07:26 [ScnDense] [NDRIFT] img 213: |R*R.t()-I|=5.122e-16  raw |n|: max-dev=8.345e-07 mean=4.986e-08 n>1e-4=0/497381  rot R.t()*n: max-dev=8.345e-07 mean=5.200e-08 n>1e-4=0 n>1e-2=0
21:07:26 [ScnDense] [NDRIFT] img 214: |R*R.t()-I|=7.065e-16  raw |n|: max-dev=7.153e-07 mean=4.936e-08 n>1e-4=0/501507  rot R.t()*n: max-dev=8.345e-07 mean=5.154e-08 n>1e-4=0 n>1e-2=0
21:07:27 [ScnDense] [NDRIFT] img  35: |R*R.t()-I|=7.044e-16  raw |n|: max-dev=7.153e-07 mean=5.029e-08 n>1e-4=0/500034  rot R.t()*n: max-dev=7.153e-07 mean=5.211e-08 n>1e-4=0 n>1e-2=0
21:07:27 [ScnDense] [NDRIFT] img  49: |R*R.t()-I|=5.703e-16  raw |n|: max-dev=7.153e-07 mean=5.139e-08 n>1e-4=0/500583  rot R.t()*n: max-dev=7.153e-07 mean=5.320e-08 n>1e-4=0 n>1e-2=0
21:07:27 [ScnDense] [NDRIFT] img  50: |R*R.t()-I|=6.321e-16  raw |n|: max-dev=8.345e-07 mean=5.404e-08 n>1e-4=0/501613  rot R.t()*n: max-dev=9.537e-07 mean=5.590e-08 n>1e-4=0 n>1e-2=0
21:07:27 [ScnDense] [NDRIFT] img  34: |R*R.t()-I|=1.527e-16  raw |n|: max-dev=7.153e-07 mean=5.298e-08 n>1e-4=0/501209  rot R.t()*n: max-dev=7.153e-07 mean=5.481e-08 n>1e-4=0 n>1e-2=0
21:07:28 [ScnDense] [NDRIFT] img 141: |R*R.t()-I|=5.046e-16  raw |n|: max-dev=7.153e-07 mean=5.022e-08 n>1e-4=0/500951  rot R.t()*n: max-dev=8.345e-07 mean=5.246e-08 n>1e-4=0 n>1e-2=0
21:07:28 [ScnDense] [NDRIFT] img  24: |R*R.t()-I|=8.041e-16  raw |n|: max-dev=7.153e-07 mean=5.178e-08 n>1e-4=0/503080  rot R.t()*n: max-dev=7.153e-07 mean=5.356e-08 n>1e-4=0 n>1e-2=0
21:07:28 [ScnDense] [NDRIFT] img 142: |R*R.t()-I|=7.522e-16  raw |n|: max-dev=8.345e-07 mean=4.799e-08 n>1e-4=0/477702  rot R.t()*n: max-dev=8.345e-07 mean=5.015e-08 n>1e-4=0 n>1e-2=0
21:07:28 [ScnDense] [NDRIFT] img 143: |R*R.t()-I|=4.719e-16  raw |n|: max-dev=7.153e-07 mean=4.775e-08 n>1e-4=0/462909  rot R.t()*n: max-dev=7.153e-07 mean=4.961e-08 n>1e-4=0 n>1e-2=0
21:07:29 [ScnDense] [NDRIFT] img  25: |R*R.t()-I|=5.817e-16  raw |n|: max-dev=8.345e-07 mean=5.261e-08 n>1e-4=0/506969  rot R.t()*n: max-dev=8.345e-07 mean=5.448e-08 n>1e-4=0 n>1e-2=0
21:07:29 [ScnDense] [NDRIFT] img 144: |R*R.t()-I|=7.739e-16  raw |n|: max-dev=7.153e-07 mean=4.829e-08 n>1e-4=0/484777  rot R.t()*n: max-dev=7.153e-07 mean=5.017e-08 n>1e-4=0 n>1e-2=0
21:07:29 [ScnDense] [NDRIFT] img  26: |R*R.t()-I|=1.064e-15  raw |n|: max-dev=7.153e-07 mean=5.263e-08 n>1e-4=0/503389  rot R.t()*n: max-dev=7.153e-07 mean=5.440e-08 n>1e-4=0 n>1e-2=0
21:07:29 [ScnDense] [NDRIFT] img 145: |R*R.t()-I|=3.467e-16  raw |n|: max-dev=7.153e-07 mean=5.029e-08 n>1e-4=0/502422  rot R.t()*n: max-dev=7.153e-07 mean=5.216e-08 n>1e-4=0 n>1e-2=0
21:07:29 [ScnDense] [NDRIFT] img  27: |R*R.t()-I|=7.216e-16  raw |n|: max-dev=7.153e-07 mean=5.412e-08 n>1e-4=0/508700  rot R.t()*n: max-dev=7.153e-07 mean=5.594e-08 n>1e-4=0 n>1e-2=0
21:07:30 [ScnDense] [NDRIFT] img  28: |R*R.t()-I|=7.581e-16  raw |n|: max-dev=8.345e-07 mean=5.097e-08 n>1e-4=0/507777  rot R.t()*n: max-dev=7.153e-07 mean=5.289e-08 n>1e-4=0 n>1e-2=0
21:07:30 [ScnDense] [NDRIFT] img 146: |R*R.t()-I|=5.705e-16  raw |n|: max-dev=7.153e-07 mean=5.250e-08 n>1e-4=0/504508  rot R.t()*n: max-dev=7.153e-07 mean=5.434e-08 n>1e-4=0 n>1e-2=0
21:07:31 [ScnDense] [NDRIFT] img  29: |R*R.t()-I|=5.875e-16  raw |n|: max-dev=7.153e-07 mean=4.997e-08 n>1e-4=0/507877  rot R.t()*n: max-dev=8.345e-07 mean=5.184e-08 n>1e-4=0 n>1e-2=0
21:07:31 [ScnDense] [NDRIFT] img  33: |R*R.t()-I|=9.077e-16  raw |n|: max-dev=7.153e-07 mean=5.215e-08 n>1e-4=0/498610  rot R.t()*n: max-dev=7.153e-07 mean=5.394e-08 n>1e-4=0 n>1e-2=0
21:07:31 [ScnDense] [NDRIFT] img 147: |R*R.t()-I|=7.065e-16  raw |n|: max-dev=7.153e-07 mean=4.791e-08 n>1e-4=0/504875  rot R.t()*n: max-dev=7.153e-07 mean=4.979e-08 n>1e-4=0 n>1e-2=0
21:07:31 [ScnDense] [NDRIFT] img  30: |R*R.t()-I|=4.173e-16  raw |n|: max-dev=7.153e-07 mean=4.977e-08 n>1e-4=0/501816  rot R.t()*n: max-dev=7.153e-07 mean=5.172e-08 n>1e-4=0 n>1e-2=0
21:07:32 [ScnDense] [NDRIFT] img 148: |R*R.t()-I|=4.154e-16  raw |n|: max-dev=7.153e-07 mean=5.220e-08 n>1e-4=0/495157  rot R.t()*n: max-dev=7.153e-07 mean=5.426e-08 n>1e-4=0 n>1e-2=0
21:07:32 [ScnDense] [NDRIFT] img  31: |R*R.t()-I|=5.453e-16  raw |n|: max-dev=8.345e-07 mean=5.164e-08 n>1e-4=0/494138  rot R.t()*n: max-dev=8.345e-07 mean=5.358e-08 n>1e-4=0 n>1e-2=0
21:07:32 [ScnDense] [NDRIFT] img  32: |R*R.t()-I|=1.033e-15  raw |n|: max-dev=7.153e-07 mean=5.232e-08 n>1e-4=0/497625  rot R.t()*n: max-dev=7.153e-07 mean=5.417e-08 n>1e-4=0 n>1e-2=0
21:07:32 [ScnDense] [NDRIFT] img 149: |R*R.t()-I|=6.194e-16  raw |n|: max-dev=8.345e-07 mean=5.161e-08 n>1e-4=0/475128  rot R.t()*n: max-dev=7.153e-07 mean=5.352e-08 n>1e-4=0 n>1e-2=0
21:07:32 [ScnDense] [NDRIFT] img  51: |R*R.t()-I|=5.898e-16  raw |n|: max-dev=8.345e-07 mean=5.286e-08 n>1e-4=0/505012  rot R.t()*n: max-dev=8.345e-07 mean=5.476e-08 n>1e-4=0 n>1e-2=0
21:07:33 [ScnDense] [NDRIFT] img 150: |R*R.t()-I|=5.888e-16  raw |n|: max-dev=7.153e-07 mean=5.251e-08 n>1e-4=0/508126  rot R.t()*n: max-dev=7.153e-07 mean=5.420e-08 n>1e-4=0 n>1e-2=0
21:07:33 [ScnDense] [NDRIFT] img 215: |R*R.t()-I|=5.103e-16  raw |n|: max-dev=8.345e-07 mean=4.868e-08 n>1e-4=0/504564  rot R.t()*n: max-dev=8.345e-07 mean=5.105e-08 n>1e-4=0 n>1e-2=0
21:07:33 [ScnDense] [NDRIFT] img 216: |R*R.t()-I|=4.981e-16  raw |n|: max-dev=7.153e-07 mean=4.672e-08 n>1e-4=0/497607  rot R.t()*n: max-dev=7.153e-07 mean=4.895e-08 n>1e-4=0 n>1e-2=0
21:07:33 [ScnDense] [NDRIFT] img 219: |R*R.t()-I|=4.463e-16  raw |n|: max-dev=7.153e-07 mean=4.661e-08 n>1e-4=0/487799  rot R.t()*n: max-dev=7.153e-07 mean=4.875e-08 n>1e-4=0 n>1e-2=0
21:07:34 [ScnDense] [NDRIFT] img 217: |R*R.t()-I|=1.469e-16  raw |n|: max-dev=8.345e-07 mean=4.697e-08 n>1e-4=0/496312  rot R.t()*n: max-dev=8.345e-07 mean=4.914e-08 n>1e-4=0 n>1e-2=0
21:07:34 [ScnDense] [NDRIFT] img 218: |R*R.t()-I|=1.206e-15  raw |n|: max-dev=7.153e-07 mean=4.634e-08 n>1e-4=0/488123  rot R.t()*n: max-dev=7.153e-07 mean=4.856e-08 n>1e-4=0 n>1e-2=0
21:07:34 [ScnDense] [NDRIFT] img  52: |R*R.t()-I|=9.149e-16  raw |n|: max-dev=8.345e-07 mean=5.247e-08 n>1e-4=0/500741  rot R.t()*n: max-dev=8.345e-07 mean=5.403e-08 n>1e-4=0 n>1e-2=0
21:07:34 [ScnDense] [NDRIFT] img 220: |R*R.t()-I|=4.301e-16  raw |n|: max-dev=7.153e-07 mean=4.509e-08 n>1e-4=0/494874  rot R.t()*n: max-dev=7.153e-07 mean=4.693e-08 n>1e-4=0 n>1e-2=0
21:07:34 [ScnDense] [NDRIFT] img 221: |R*R.t()-I|=7.278e-16  raw |n|: max-dev=7.153e-07 mean=4.819e-08 n>1e-4=0/501757  rot R.t()*n: max-dev=7.153e-07 mean=5.016e-08 n>1e-4=0 n>1e-2=0
21:07:35 [ScnDense] [NDRIFT] img  53: |R*R.t()-I|=8.220e-16  raw |n|: max-dev=7.153e-07 mean=5.197e-08 n>1e-4=0/496236  rot R.t()*n: max-dev=7.153e-07 mean=5.378e-08 n>1e-4=0 n>1e-2=0
21:07:35 [ScnDense] [NDRIFT] img 222: |R*R.t()-I|=6.667e-16  raw |n|: max-dev=7.153e-07 mean=5.085e-08 n>1e-4=0/500201  rot R.t()*n: max-dev=7.153e-07 mean=5.268e-08 n>1e-4=0 n>1e-2=0
21:07:35 [ScnDense] [NDRIFT] img 151: |R*R.t()-I|=6.329e-16  raw |n|: max-dev=8.345e-07 mean=5.320e-08 n>1e-4=0/509305  rot R.t()*n: max-dev=8.345e-07 mean=5.500e-08 n>1e-4=0 n>1e-2=0
21:07:35 [ScnDense] [NDRIFT] img  54: |R*R.t()-I|=4.966e-16  raw |n|: max-dev=7.153e-07 mean=5.293e-08 n>1e-4=0/495140  rot R.t()*n: max-dev=8.345e-07 mean=5.463e-08 n>1e-4=0 n>1e-2=0
21:07:36 [ScnDense] [NDRIFT] img 152: |R*R.t()-I|=8.206e-16  raw |n|: max-dev=7.153e-07 mean=5.198e-08 n>1e-4=0/507645  rot R.t()*n: max-dev=7.153e-07 mean=5.355e-08 n>1e-4=0 n>1e-2=0
21:07:36 [ScnDense] [NDRIFT] img 223: |R*R.t()-I|=1.236e-15  raw |n|: max-dev=7.153e-07 mean=5.116e-08 n>1e-4=0/497276  rot R.t()*n: max-dev=7.153e-07 mean=5.287e-08 n>1e-4=0 n>1e-2=0
21:07:36 [ScnDense] [NDRIFT] img  55: |R*R.t()-I|=9.683e-16  raw |n|: max-dev=9.537e-07 mean=5.434e-08 n>1e-4=0/502164  rot R.t()*n: max-dev=9.537e-07 mean=5.602e-08 n>1e-4=0 n>1e-2=0
21:07:36 [ScnDense] [NDRIFT] img  56: |R*R.t()-I|=8.056e-16  raw |n|: max-dev=7.153e-07 mean=5.260e-08 n>1e-4=0/497607  rot R.t()*n: max-dev=7.153e-07 mean=5.432e-08 n>1e-4=0 n>1e-2=0
21:07:37 [ScnDense] [NDRIFT] img 224: |R*R.t()-I|=9.322e-16  raw |n|: max-dev=8.345e-07 mean=5.187e-08 n>1e-4=0/499131  rot R.t()*n: max-dev=8.345e-07 mean=5.353e-08 n>1e-4=0 n>1e-2=0
21:07:37 [ScnDense] [NDRIFT] img 153: |R*R.t()-I|=5.396e-16  raw |n|: max-dev=7.153e-07 mean=5.202e-08 n>1e-4=0/510881  rot R.t()*n: max-dev=7.153e-07 mean=5.384e-08 n>1e-4=0 n>1e-2=0
21:07:37 [ScnDense] [NDRIFT] img  57: |R*R.t()-I|=7.772e-16  raw |n|: max-dev=7.153e-07 mean=5.082e-08 n>1e-4=0/506959  rot R.t()*n: max-dev=7.153e-07 mean=5.266e-08 n>1e-4=0 n>1e-2=0
21:07:38 [ScnDense] [NDRIFT] img 154: |R*R.t()-I|=1.000e-15  raw |n|: max-dev=8.345e-07 mean=5.229e-08 n>1e-4=0/511393  rot R.t()*n: max-dev=9.537e-07 mean=5.405e-08 n>1e-4=0 n>1e-2=0
21:07:38 [ScnDense] [NDRIFT] img 225: |R*R.t()-I|=3.354e-16  raw |n|: max-dev=8.345e-07 mean=5.310e-08 n>1e-4=0/503157  rot R.t()*n: max-dev=8.345e-07 mean=5.488e-08 n>1e-4=0 n>1e-2=0
21:07:38 [ScnDense] [NDRIFT] img  58: |R*R.t()-I|=6.194e-16  raw |n|: max-dev=8.345e-07 mean=5.405e-08 n>1e-4=0/507769  rot R.t()*n: max-dev=8.345e-07 mean=5.584e-08 n>1e-4=0 n>1e-2=0
21:07:38 [ScnDense] [NDRIFT] img 155: |R*R.t()-I|=4.644e-16  raw |n|: max-dev=7.153e-07 mean=5.316e-08 n>1e-4=0/505887  rot R.t()*n: max-dev=7.153e-07 mean=5.493e-08 n>1e-4=0 n>1e-2=0
21:07:39 [ScnDense] [NDRIFT] img 226: |R*R.t()-I|=5.324e-16  raw |n|: max-dev=7.153e-07 mean=5.493e-08 n>1e-4=0/491074  rot R.t()*n: max-dev=7.153e-07 mean=5.683e-08 n>1e-4=0 n>1e-2=0
21:07:39 [ScnDense] [NDRIFT] img  59: |R*R.t()-I|=5.715e-16  raw |n|: max-dev=8.345e-07 mean=5.316e-08 n>1e-4=0/510998  rot R.t()*n: max-dev=7.153e-07 mean=5.492e-08 n>1e-4=0 n>1e-2=0
21:07:39 [ScnDense] [NDRIFT] img 227: |R*R.t()-I|=8.951e-16  raw |n|: max-dev=7.153e-07 mean=5.358e-08 n>1e-4=0/488818  rot R.t()*n: max-dev=7.153e-07 mean=5.551e-08 n>1e-4=0 n>1e-2=0
21:07:39 [ScnDense] [NDRIFT] img  60: |R*R.t()-I|=6.707e-16  raw |n|: max-dev=7.153e-07 mean=5.050e-08 n>1e-4=0/473941  rot R.t()*n: max-dev=7.153e-07 mean=5.243e-08 n>1e-4=0 n>1e-2=0
21:07:40 [ScnDense] [NDRIFT] img  61: |R*R.t()-I|=6.521e-16  raw |n|: max-dev=7.153e-07 mean=5.272e-08 n>1e-4=0/488907  rot R.t()*n: max-dev=7.153e-07 mean=5.461e-08 n>1e-4=0 n>1e-2=0
21:07:40 [ScnDense] [NDRIFT] img 156: |R*R.t()-I|=2.220e-16  raw |n|: max-dev=7.153e-07 mean=5.348e-08 n>1e-4=0/511752  rot R.t()*n: max-dev=7.153e-07 mean=5.546e-08 n>1e-4=0 n>1e-2=0
21:07:40 [ScnDense] [NDRIFT] img 228: |R*R.t()-I|=9.256e-16  raw |n|: max-dev=7.153e-07 mean=5.339e-08 n>1e-4=0/492422  rot R.t()*n: max-dev=7.153e-07 mean=5.529e-08 n>1e-4=0 n>1e-2=0
21:07:40 [ScnDense] [NDRIFT] img  62: |R*R.t()-I|=8.382e-16  raw |n|: max-dev=7.153e-07 mean=5.005e-08 n>1e-4=0/508126  rot R.t()*n: max-dev=7.153e-07 mean=5.190e-08 n>1e-4=0 n>1e-2=0
21:07:40 [ScnDense] [NDRIFT] img 157: |R*R.t()-I|=9.868e-16  raw |n|: max-dev=7.153e-07 mean=5.292e-08 n>1e-4=0/508902  rot R.t()*n: max-dev=7.153e-07 mean=5.457e-08 n>1e-4=0 n>1e-2=0
21:07:41 [ScnDense] [NDRIFT] img 229: |R*R.t()-I|=6.131e-16  raw |n|: max-dev=8.345e-07 mean=5.602e-08 n>1e-4=0/498723  rot R.t()*n: max-dev=8.345e-07 mean=5.796e-08 n>1e-4=0 n>1e-2=0
21:07:41 [ScnDense] [NDRIFT] img  63: |R*R.t()-I|=6.933e-16  raw |n|: max-dev=8.345e-07 mean=5.221e-08 n>1e-4=0/500792  rot R.t()*n: max-dev=8.345e-07 mean=5.401e-08 n>1e-4=0 n>1e-2=0
21:07:41 [ScnDense] [NDRIFT] img 158: |R*R.t()-I|=7.702e-16  raw |n|: max-dev=7.153e-07 mean=5.196e-08 n>1e-4=0/513108  rot R.t()*n: max-dev=7.153e-07 mean=5.384e-08 n>1e-4=0 n>1e-2=0
21:07:41 [ScnDense] [NDRIFT] img 230: |R*R.t()-I|=5.281e-16  raw |n|: max-dev=7.153e-07 mean=5.008e-08 n>1e-4=0/506511  rot R.t()*n: max-dev=5.960e-07 mean=5.197e-08 n>1e-4=0 n>1e-2=0
21:07:42 [ScnDense] [NDRIFT] img  64: |R*R.t()-I|=6.521e-16  raw |n|: max-dev=7.153e-07 mean=5.106e-08 n>1e-4=0/499192  rot R.t()*n: max-dev=7.153e-07 mean=5.290e-08 n>1e-4=0 n>1e-2=0
21:07:42 [ScnDense] [NDRIFT] img 159: |R*R.t()-I|=5.769e-16  raw |n|: max-dev=7.153e-07 mean=5.222e-08 n>1e-4=0/511041  rot R.t()*n: max-dev=7.153e-07 mean=5.413e-08 n>1e-4=0 n>1e-2=0
21:07:42 [ScnDense] [NDRIFT] img 231: |R*R.t()-I|=5.940e-16  raw |n|: max-dev=8.345e-07 mean=4.851e-08 n>1e-4=0/487796  rot R.t()*n: max-dev=8.345e-07 mean=5.031e-08 n>1e-4=0 n>1e-2=0
21:07:42 [ScnDense] [NDRIFT] img  65: |R*R.t()-I|=5.579e-16  raw |n|: max-dev=9.537e-07 mean=5.122e-08 n>1e-4=0/502720  rot R.t()*n: max-dev=9.537e-07 mean=5.277e-08 n>1e-4=0 n>1e-2=0
21:07:43 [ScnDense] [NDRIFT] img 160: |R*R.t()-I|=2.837e-16  raw |n|: max-dev=7.153e-07 mean=5.250e-08 n>1e-4=0/511449  rot R.t()*n: max-dev=7.153e-07 mean=5.418e-08 n>1e-4=0 n>1e-2=0
21:07:43 [ScnDense] [NDRIFT] img  66: |R*R.t()-I|=2.371e-16  raw |n|: max-dev=8.345e-07 mean=5.096e-08 n>1e-4=0/495047  rot R.t()*n: max-dev=8.345e-07 mean=5.288e-08 n>1e-4=0 n>1e-2=0
21:07:43 [ScnDense] [NDRIFT] img 236: |R*R.t()-I|=4.041e-16  raw |n|: max-dev=7.153e-07 mean=4.731e-08 n>1e-4=0/508971  rot R.t()*n: max-dev=7.153e-07 mean=4.916e-08 n>1e-4=0 n>1e-2=0
21:07:44 [ScnDense] [NDRIFT] img 237: |R*R.t()-I|=5.227e-16  raw |n|: max-dev=7.153e-07 mean=4.650e-08 n>1e-4=0/500726  rot R.t()*n: max-dev=7.153e-07 mean=4.852e-08 n>1e-4=0 n>1e-2=0
21:07:44 [ScnDense] [NDRIFT] img 232: |R*R.t()-I|=4.046e-17  raw |n|: max-dev=7.153e-07 mean=5.125e-08 n>1e-4=0/505175  rot R.t()*n: max-dev=7.153e-07 mean=5.292e-08 n>1e-4=0 n>1e-2=0
21:07:44 [ScnDense] [NDRIFT] img 233: |R*R.t()-I|=3.422e-16  raw |n|: max-dev=7.153e-07 mean=4.905e-08 n>1e-4=0/502137  rot R.t()*n: max-dev=5.960e-07 mean=5.091e-08 n>1e-4=0 n>1e-2=0
21:07:44 [ScnDense] [NDRIFT] img 234: |R*R.t()-I|=8.777e-17  raw |n|: max-dev=7.153e-07 mean=4.955e-08 n>1e-4=0/468484  rot R.t()*n: max-dev=7.153e-07 mean=5.142e-08 n>1e-4=0 n>1e-2=0
21:07:45 [ScnDense] [NDRIFT] img 235: |R*R.t()-I|=3.066e-16  raw |n|: max-dev=5.960e-07 mean=4.843e-08 n>1e-4=0/467000  rot R.t()*n: max-dev=5.960e-07 mean=5.046e-08 n>1e-4=0 n>1e-2=0
21:07:45 [ScnDense] [NDRIFT] img 161: |R*R.t()-I|=3.706e-16  raw |n|: max-dev=7.153e-07 mean=5.451e-08 n>1e-4=0/513439  rot R.t()*n: max-dev=7.153e-07 mean=5.606e-08 n>1e-4=0 n>1e-2=0
21:07:45 [ScnDense] [NDRIFT] img  67: |R*R.t()-I|=3.275e-16  raw |n|: max-dev=8.345e-07 mean=5.296e-08 n>1e-4=0/495438  rot R.t()*n: max-dev=8.345e-07 mean=5.483e-08 n>1e-4=0 n>1e-2=0
21:07:45 [ScnDense] [NDRIFT] img 238: |R*R.t()-I|=5.143e-16  raw |n|: max-dev=7.153e-07 mean=5.006e-08 n>1e-4=0/506993  rot R.t()*n: max-dev=7.153e-07 mean=5.184e-08 n>1e-4=0 n>1e-2=0
21:07:46 [ScnDense] [NDRIFT] img 162: |R*R.t()-I|=4.325e-16  raw |n|: max-dev=8.345e-07 mean=5.292e-08 n>1e-4=0/511694  rot R.t()*n: max-dev=8.345e-07 mean=5.460e-08 n>1e-4=0 n>1e-2=0
21:07:46 [ScnDense] [NDRIFT] img  68: |R*R.t()-I|=3.337e-16  raw |n|: max-dev=7.153e-07 mean=5.340e-08 n>1e-4=0/498169  rot R.t()*n: max-dev=7.153e-07 mean=5.506e-08 n>1e-4=0 n>1e-2=0
21:07:46 [ScnDense] [NDRIFT] img  69: |R*R.t()-I|=4.448e-16  raw |n|: max-dev=7.153e-07 mean=5.247e-08 n>1e-4=0/506200  rot R.t()*n: max-dev=7.153e-07 mean=5.423e-08 n>1e-4=0 n>1e-2=0
21:07:47 [ScnDense] [NDRIFT] img 163: |R*R.t()-I|=4.987e-16  raw |n|: max-dev=7.153e-07 mean=5.198e-08 n>1e-4=0/509550  rot R.t()*n: max-dev=7.153e-07 mean=5.374e-08 n>1e-4=0 n>1e-2=0
21:07:47 [ScnDense] [NDRIFT] img 239: |R*R.t()-I|=6.486e-16  raw |n|: max-dev=8.345e-07 mean=5.237e-08 n>1e-4=0/504689  rot R.t()*n: max-dev=8.345e-07 mean=5.425e-08 n>1e-4=0 n>1e-2=0
21:07:47 [ScnDense] [NDRIFT] img  70: |R*R.t()-I|=3.620e-16  raw |n|: max-dev=8.345e-07 mean=5.384e-08 n>1e-4=0/505944  rot R.t()*n: max-dev=8.345e-07 mean=5.552e-08 n>1e-4=0 n>1e-2=0
21:07:47 [ScnDense] [NDRIFT] img 240: |R*R.t()-I|=3.422e-16  raw |n|: max-dev=8.345e-07 mean=5.063e-08 n>1e-4=0/506737  rot R.t()*n: max-dev=8.345e-07 mean=5.246e-08 n>1e-4=0 n>1e-2=0
21:07:48 [ScnDense] [NDRIFT] img 164: |R*R.t()-I|=6.201e-16  raw |n|: max-dev=7.153e-07 mean=5.089e-08 n>1e-4=0/508024  rot R.t()*n: max-dev=7.153e-07 mean=5.274e-08 n>1e-4=0 n>1e-2=0
21:07:48 [ScnDense] [NDRIFT] img  89: |R*R.t()-I|=4.004e-16  raw |n|: max-dev=7.153e-07 mean=4.815e-08 n>1e-4=0/494243  rot R.t()*n: max-dev=7.153e-07 mean=4.995e-08 n>1e-4=0 n>1e-2=0
21:07:48 [ScnDense] [NDRIFT] img  71: |R*R.t()-I|=2.727e-16  raw |n|: max-dev=7.153e-07 mean=5.212e-08 n>1e-4=0/498562  rot R.t()*n: max-dev=7.153e-07 mean=5.383e-08 n>1e-4=0 n>1e-2=0
21:07:48 [ScnDense] [NDRIFT] img 241: |R*R.t()-I|=5.835e-16  raw |n|: max-dev=8.345e-07 mean=5.056e-08 n>1e-4=0/506136  rot R.t()*n: max-dev=8.345e-07 mean=5.247e-08 n>1e-4=0 n>1e-2=0
21:07:49 [ScnDense] [NDRIFT] img  88: |R*R.t()-I|=3.238e-16  raw |n|: max-dev=8.345e-07 mean=5.026e-08 n>1e-4=0/495389  rot R.t()*n: max-dev=8.345e-07 mean=5.188e-08 n>1e-4=0 n>1e-2=0
21:07:49 [ScnDense] [NDRIFT] img  90: |R*R.t()-I|=7.024e-16  raw |n|: max-dev=8.345e-07 mean=4.909e-08 n>1e-4=0/485637  rot R.t()*n: max-dev=8.345e-07 mean=5.101e-08 n>1e-4=0 n>1e-2=0
21:07:49 [ScnDense] [NDRIFT] img  72: |R*R.t()-I|=4.527e-16  raw |n|: max-dev=7.153e-07 mean=5.386e-08 n>1e-4=0/506640  rot R.t()*n: max-dev=7.153e-07 mean=5.549e-08 n>1e-4=0 n>1e-2=0
21:07:49 [ScnDense] [NDRIFT] img 242: |R*R.t()-I|=7.152e-16  raw |n|: max-dev=8.345e-07 mean=5.331e-08 n>1e-4=0/503646  rot R.t()*n: max-dev=8.345e-07 mean=5.506e-08 n>1e-4=0 n>1e-2=0
21:07:50 [ScnDense] [NDRIFT] img 243: |R*R.t()-I|=5.324e-16  raw |n|: max-dev=7.153e-07 mean=5.143e-08 n>1e-4=0/498459  rot R.t()*n: max-dev=8.345e-07 mean=5.324e-08 n>1e-4=0 n>1e-2=0
21:07:50 [ScnDense] [NDRIFT] img  73: |R*R.t()-I|=4.264e-16  raw |n|: max-dev=8.345e-07 mean=5.421e-08 n>1e-4=0/506610  rot R.t()*n: max-dev=7.153e-07 mean=5.578e-08 n>1e-4=0 n>1e-2=0
21:07:50 [ScnDense] [NDRIFT] img  74: |R*R.t()-I|=8.092e-16  raw |n|: max-dev=8.345e-07 mean=5.426e-08 n>1e-4=0/508758  rot R.t()*n: max-dev=7.153e-07 mean=5.605e-08 n>1e-4=0 n>1e-2=0
21:07:51 [ScnDense] [NDRIFT] img  86: |R*R.t()-I|=6.329e-16  raw |n|: max-dev=7.153e-07 mean=5.169e-08 n>1e-4=0/500213  rot R.t()*n: max-dev=7.153e-07 mean=5.346e-08 n>1e-4=0 n>1e-2=0
21:07:51 [ScnDense] [NDRIFT] img 244: |R*R.t()-I|=3.331e-16  raw |n|: max-dev=7.153e-07 mean=5.260e-08 n>1e-4=0/502400  rot R.t()*n: max-dev=8.345e-07 mean=5.460e-08 n>1e-4=0 n>1e-2=0
21:07:51 [ScnDense] [NDRIFT] img  81: |R*R.t()-I|=8.777e-16  raw |n|: max-dev=7.153e-07 mean=4.965e-08 n>1e-4=0/496354  rot R.t()*n: max-dev=7.153e-07 mean=5.132e-08 n>1e-4=0 n>1e-2=0
21:07:52 [ScnDense] [NDRIFT] img  85: |R*R.t()-I|=3.946e-16  raw |n|: max-dev=7.153e-07 mean=5.093e-08 n>1e-4=0/503264  rot R.t()*n: max-dev=8.345e-07 mean=5.290e-08 n>1e-4=0 n>1e-2=0
21:07:52 [ScnDense] [NDRIFT] img 245: |R*R.t()-I|=2.388e-16  raw |n|: max-dev=7.153e-07 mean=5.060e-08 n>1e-4=0/505205  rot R.t()*n: max-dev=7.153e-07 mean=5.238e-08 n>1e-4=0 n>1e-2=0
21:07:52 [ScnDense] [NDRIFT] img  75: |R*R.t()-I|=3.165e-16  raw |n|: max-dev=7.153e-07 mean=5.318e-08 n>1e-4=0/509487  rot R.t()*n: max-dev=7.153e-07 mean=5.488e-08 n>1e-4=0 n>1e-2=0
21:07:52 [ScnDense] [NDRIFT] img  79: |R*R.t()-I|=5.495e-16  raw |n|: max-dev=7.153e-07 mean=5.377e-08 n>1e-4=0/480434  rot R.t()*n: max-dev=7.153e-07 mean=5.549e-08 n>1e-4=0 n>1e-2=0
21:07:53 [ScnDense] [NDRIFT] img  80: |R*R.t()-I|=5.324e-16  raw |n|: max-dev=7.153e-07 mean=5.165e-08 n>1e-4=0/493989  rot R.t()*n: max-dev=7.153e-07 mean=5.342e-08 n>1e-4=0 n>1e-2=0
21:07:53 [ScnDense] [NDRIFT] img  76: |R*R.t()-I|=9.938e-16  raw |n|: max-dev=7.153e-07 mean=5.424e-08 n>1e-4=0/504886  rot R.t()*n: max-dev=8.345e-07 mean=5.594e-08 n>1e-4=0 n>1e-2=0
21:07:53 [ScnDense] [NDRIFT] img  77: |R*R.t()-I|=7.206e-16  raw |n|: max-dev=7.153e-07 mean=5.392e-08 n>1e-4=0/501590  rot R.t()*n: max-dev=7.153e-07 mean=5.570e-08 n>1e-4=0 n>1e-2=0
21:07:53 [ScnDense] [NDRIFT] img  78: |R*R.t()-I|=3.140e-16  raw |n|: max-dev=7.153e-07 mean=4.979e-08 n>1e-4=0/493506  rot R.t()*n: max-dev=7.153e-07 mean=5.164e-08 n>1e-4=0 n>1e-2=0
21:07:54 [ScnDense] [NDRIFT] img  82: |R*R.t()-I|=6.329e-16  raw |n|: max-dev=8.345e-07 mean=4.876e-08 n>1e-4=0/498175  rot R.t()*n: max-dev=8.345e-07 mean=5.060e-08 n>1e-4=0 n>1e-2=0
21:07:54 [ScnDense] [NDRIFT] img  83: |R*R.t()-I|=5.509e-16  raw |n|: max-dev=8.345e-07 mean=5.132e-08 n>1e-4=0/503159  rot R.t()*n: max-dev=8.345e-07 mean=5.336e-08 n>1e-4=0 n>1e-2=0
21:07:54 [ScnDense] [NDRIFT] img  84: |R*R.t()-I|=2.551e-16  raw |n|: max-dev=7.153e-07 mean=5.128e-08 n>1e-4=0/499519  rot R.t()*n: max-dev=7.153e-07 mean=5.315e-08 n>1e-4=0 n>1e-2=0
21:07:54 [ScnDense] [NDRIFT] img 246: |R*R.t()-I|=4.839e-16  raw |n|: max-dev=8.345e-07 mean=5.137e-08 n>1e-4=0/504853  rot R.t()*n: max-dev=8.345e-07 mean=5.347e-08 n>1e-4=0 n>1e-2=0
21:07:54 [ScnDense] [NDRIFT] img 247: |R*R.t()-I|=5.088e-16  raw |n|: max-dev=7.153e-07 mean=5.065e-08 n>1e-4=0/505432  rot R.t()*n: max-dev=7.153e-07 mean=5.268e-08 n>1e-4=0 n>1e-2=0
21:07:54 [ScnDense] [NDRIFT] img 248: |R*R.t()-I|=1.323e-15  raw |n|: max-dev=7.153e-07 mean=5.039e-08 n>1e-4=0/508249  rot R.t()*n: max-dev=8.345e-07 mean=5.250e-08 n>1e-4=0 n>1e-2=0
21:07:54 [ScnDense] [NDRIFT] img 249: |R*R.t()-I|=3.765e-16  raw |n|: max-dev=7.153e-07 mean=4.988e-08 n>1e-4=0/446127  rot R.t()*n: max-dev=7.153e-07 mean=5.194e-08 n>1e-4=0 n>1e-2=0
21:07:54 [ScnDense] [NDRIFT] img 250: |R*R.t()-I|=1.110e-16  raw |n|: max-dev=8.345e-07 mean=5.073e-08 n>1e-4=0/418131  rot R.t()*n: max-dev=8.345e-07 mean=5.286e-08 n>1e-4=0 n>1e-2=0
21:07:54 [ScnDense] [NDRIFT] img  87: |R*R.t()-I|=5.665e-16  raw |n|: max-dev=7.153e-07 mean=5.159e-08 n>1e-4=0/496023  rot R.t()*n: max-dev=7.153e-07 mean=5.339e-08 n>1e-4=0 n>1e-2=0
21:07:54 [ScnDense] [NDRIFT] img  96: |R*R.t()-I|=5.207e-16  raw |n|: max-dev=7.153e-07 mean=4.613e-08 n>1e-4=0/502156  rot R.t()*n: max-dev=7.153e-07 mean=4.833e-08 n>1e-4=0 n>1e-2=0
21:07:55 [ScnDense] [NDRIFT] img  93: |R*R.t()-I|=5.222e-16  raw |n|: max-dev=7.153e-07 mean=5.328e-08 n>1e-4=0/491737  rot R.t()*n: max-dev=7.153e-07 mean=5.521e-08 n>1e-4=0 n>1e-2=0
21:07:55 [ScnDense] [NDRIFT] img  95: |R*R.t()-I|=6.944e-16  raw |n|: max-dev=7.153e-07 mean=5.182e-08 n>1e-4=0/503246  rot R.t()*n: max-dev=7.153e-07 mean=5.377e-08 n>1e-4=0 n>1e-2=0
21:07:56 [ScnDense] [NDRIFT] img 167: |R*R.t()-I|=6.384e-16  raw |n|: max-dev=7.153e-07 mean=5.352e-08 n>1e-4=0/505186  rot R.t()*n: max-dev=7.153e-07 mean=5.517e-08 n>1e-4=0 n>1e-2=0
21:07:56 [ScnDense] [NDRIFT] img  91: |R*R.t()-I|=5.237e-16  raw |n|: max-dev=7.153e-07 mean=4.735e-08 n>1e-4=0/494158  rot R.t()*n: max-dev=7.153e-07 mean=4.931e-08 n>1e-4=0 n>1e-2=0
21:07:56 [ScnDense] [NDRIFT] img  92: |R*R.t()-I|=5.661e-16  raw |n|: max-dev=7.153e-07 mean=5.036e-08 n>1e-4=0/491856  rot R.t()*n: max-dev=7.153e-07 mean=5.223e-08 n>1e-4=0 n>1e-2=0
21:07:56 [ScnDense] [NDRIFT] img  94: |R*R.t()-I|=8.121e-16  raw |n|: max-dev=7.153e-07 mean=5.088e-08 n>1e-4=0/499830  rot R.t()*n: max-dev=7.153e-07 mean=5.291e-08 n>1e-4=0 n>1e-2=0
21:07:56 [ScnDense] [NDRIFT] img 165: |R*R.t()-I|=6.745e-16  raw |n|: max-dev=7.153e-07 mean=5.180e-08 n>1e-4=0/504859  rot R.t()*n: max-dev=7.153e-07 mean=5.361e-08 n>1e-4=0 n>1e-2=0
21:07:56 [ScnDense] [NDRIFT] img 166: |R*R.t()-I|=3.937e-16  raw |n|: max-dev=5.960e-07 mean=5.267e-08 n>1e-4=0/508042  rot R.t()*n: max-dev=7.153e-07 mean=5.453e-08 n>1e-4=0 n>1e-2=0
21:07:56 [ScnDense] [NDRIFT] img 168: |R*R.t()-I|=3.331e-16  raw |n|: max-dev=8.345e-07 mean=5.230e-08 n>1e-4=0/499686  rot R.t()*n: max-dev=8.345e-07 mean=5.413e-08 n>1e-4=0 n>1e-2=0
21:07:56 [ScnDense] [NDRIFT] img 169: |R*R.t()-I|=1.923e-16  raw |n|: max-dev=7.153e-07 mean=5.076e-08 n>1e-4=0/506708  rot R.t()*n: max-dev=7.153e-07 mean=5.280e-08 n>1e-4=0 n>1e-2=0
21:07:57 [ScnDense] [NDRIFT] img 170: |R*R.t()-I|=5.088e-16  raw |n|: max-dev=7.153e-07 mean=5.121e-08 n>1e-4=0/501997  rot R.t()*n: max-dev=7.153e-07 mean=5.342e-08 n>1e-4=0 n>1e-2=0
21:07:57 [ScnDense] Depth-maps dense fused and filtered: 251 depth-maps, 98096426 depths, 5818024 points (6%%), 11.06 hits in 142.44 cached (1m2s889ms)
21:07:57 [App     ] Densifying point-cloud completed: 5818024 points (1m49s492ms)
21:07:58 [PointCld] Point-cloud 'scene_dense.ply' saved: 5818024 points (1s405ms)
21:07:58 [Scene   ] Scene saved in interface format to 'scene_dense.mvs' (113ms):
	251 images (251 calibrated)
	184554 points, 0 vertices, 0 faces
21:07:59 [App     ] MEMORYINFO: {
21:07:59 [App     ] 	PageFaultCount 13781776
21:07:59 [App     ] 	PeakWorkingSetSize 4.03GB
21:07:59 [App     ] 	WorkingSetSize 191.93MB
21:07:59 [App     ] 	QuotaPeakPagedPoolUsage 423.70KB
21:07:59 [App     ] 	QuotaPagedPoolUsage 414.91KB
21:07:59 [App     ] 	QuotaPeakNonPagedPoolUsage 183.99KB
21:07:59 [App     ] 	QuotaNonPagedPoolUsage 48.39KB
21:07:59 [App     ] 	PagefileUsage 499.91MB
21:07:59 [App     ] 	PeakPagefileUsage 4.46GB
21:07:59 [App     ] } ENDINFO
