20:43:00 [App     ] OpenMVS x64 v2.4.0 (e40f232*)
20:43:00 [App     ] Build date: Apr 29 2026, 18:17:41
20:43:00 [App     ] CPU: 13th Gen Intel(R) Core(TM) i7-13700KF (24 cores)
20:43:00 [App     ] RAM: 31.82GB Physical Memory 128.00TB Virtual Memory
20:43:00 [App     ] OS: Windows 11+ x64
20:43:00 [App     ] Disk: 29.96GB (953.60GB) space
20:43:00 [App     ] SSE & AVX compatible CPU & OS detected
20:43:00 [App     ] Command line: DensifyPointCloud scene.mvs --cuda-device  --resolution-level 1 --number-views 8 --estimate-roi 0 --crop-to-roi 0 --tower-mode 0
20:43:00 [Scene   ] Camera model loaded: platform 0; camera  0; f 0.607x0.607; poses 251
20:43:00 [Scene   ] Scene loaded in interface format from 'scene.mvs' (118ms):
	251 images (251 calibrated) with a total of 496.36 MPixels (1.98 MPixels/image)
	184554 points, 0 vertices, 0 faces
20:43:00 [PointCld] Point-cloud composed of 184554 points with:
 - visibility info (969998 views - 5.26 views/point):
	        0 points with 1- views (0.00%)
	    72477 points with 2  views (39.27%)
	    33298 points with 3  views (18.04%)
	    78779 points with 4+ views (42.69%)
	2 min / 5.2559 mean (6.35278 std) / 101 max
20:43:01 [ScnDense] Preparing images for dense reconstruction completed: 251 images (1s205ms)
20:43:02 [ScnDense] Selecting images for dense reconstruction completed: 251 images (363ms)
20:43:02 [ScnDense] Reference image   0 paired with 8 views
20:43:02 [ScnDense] Reference image  11 paired with 8 views
20:43:05 [ScnDense] Depth-map for image   0 estimated using  8 images: 960x540 (3s443ms)
20:43:05 [ScnDense] Reference image 121 paired with 8 views
20:43:08 [ScnDense] Depth-map for image  11 estimated using  8 images: 960x540 (3s176ms)
20:43:08 [ScnDense] Reference image  44 paired with 8 views
20:43:12 [ScnDense] Depth-map for image 121 estimated using  8 images: 960x540 (3s192ms)
20:43:12 [ScnDense] Reference image  55 paired with 8 views
20:43:15 [ScnDense] Depth-map for image  44 estimated using  8 images: 960x540 (2s981ms)
20:43:15 [ScnDense] Reference image  22 paired with 8 views
20:43:18 [ScnDense] Depth-map for image  55 estimated using  8 images: 960x540 (3s367ms)
20:43:18 [ScnDense] Reference image 131 paired with 8 views
20:43:21 [ScnDense] Depth-map for image  22 estimated using  8 images: 960x540 (3s378ms)
20:43:21 [ScnDense] Reference image  66 paired with 8 views
20:43:25 [ScnDense] Depth-map for image 131 estimated using  8 images: 960x540 (3s220ms)
20:43:25 [ScnDense] Reference image  33 paired with 8 views
20:43:28 [ScnDense] Depth-map for image  66 estimated using  8 images: 960x540 (3s9ms)
20:43:28 [ScnDense] Reference image 161 paired with 8 views
20:43:31 [ScnDense] Depth-map for image  33 estimated using  8 images: 960x540 (3s320ms)
20:43:31 [ScnDense] Reference image 151 paired with 8 views
20:43:34 [ScnDense] Depth-map for image 161 estimated using  8 images: 960x540 (3s394ms)
20:43:34 [ScnDense] Reference image  77 paired with 8 views
20:43:38 [ScnDense] Depth-map for image 151 estimated using  8 images: 960x540 (3s256ms)
20:43:38 [ScnDense] Reference image 171 paired with 8 views
20:43:41 [ScnDense] Depth-map for image  77 estimated using  8 images: 960x540 (3s203ms)
20:43:41 [ScnDense] Reference image  99 paired with 8 views
20:43:44 [ScnDense] Depth-map for image 171 estimated using  8 images: 960x540 (3s297ms)
20:43:44 [ScnDense] Reference image 191 paired with 8 views
20:43:47 [ScnDense] Depth-map for image  99 estimated using  8 images: 960x540 (3s174ms)
20:43:47 [ScnDense] Reference image 181 paired with 8 views
20:43:51 [ScnDense] Depth-map for image 191 estimated using  8 images: 960x540 (3s959ms)
20:43:51 [ScnDense] Reference image 110 paired with 8 views
20:43:55 [ScnDense] Depth-map for image 181 estimated using  8 images: 960x540 (3s729ms)
20:43:55 [ScnDense] Reference image 141 paired with 8 views
20:43:58 [ScnDense] Depth-map for image 110 estimated using  8 images: 960x540 (3s290ms)
20:43:58 [ScnDense] Reference image 241 paired with 8 views
20:44:02 [ScnDense] Depth-map for image 141 estimated using  8 images: 960x540 (4s66ms)
20:44:02 [ScnDense] Reference image 221 paired with 8 views
20:44:06 [ScnDense] Depth-map for image 241 estimated using  8 images: 960x540 (3s769ms)
20:44:06 [ScnDense] Reference image  88 paired with 8 views
20:44:10 [ScnDense] Depth-map for image 221 estimated using  8 images: 960x540 (3s554ms)
20:44:10 [ScnDense] Reference image 201 paired with 8 views
20:44:13 [ScnDense] Depth-map for image  88 estimated using  8 images: 960x540 (3s297ms)
20:44:13 [ScnDense] Reference image 211 paired with 8 views
20:44:16 [ScnDense] Depth-map for image 201 estimated using  8 images: 960x540 (3s460ms)
20:44:17 [ScnDense] Reference image 231 paired with 8 views
20:44:20 [ScnDense] Depth-map for image 211 estimated using  8 images: 960x540 (3s807ms)
20:44:20 [ScnDense] Reference image  45 paired with 8 views
20:44:24 [ScnDense] Depth-map for image 231 estimated using  8 images: 960x540 (3s452ms)
20:44:24 [ScnDense] Reference image  34 paired with 8 views
20:44:27 [ScnDense] Depth-map for image  45 estimated using  8 images: 960x540 (3s470ms)
20:44:27 [ScnDense] Reference image  23 paired with 8 views
20:44:31 [ScnDense] Depth-map for image  34 estimated using  8 images: 960x540 (3s802ms)
20:44:31 [ScnDense] Reference image 172 paired with 8 views
20:44:35 [ScnDense] Depth-map for image  23 estimated using  8 images: 960x540 (3s828ms)
20:44:35 [ScnDense] Reference image  12 paired with 8 views
20:44:39 [ScnDense] Depth-map for image 172 estimated using  8 images: 960x540 (3s783ms)
20:44:39 [ScnDense] Reference image 212 paired with 8 views
20:44:42 [ScnDense] Depth-map for image  12 estimated using  8 images: 960x540 (3s483ms)
20:44:42 [ScnDense] Reference image 142 paired with 8 views
20:44:46 [ScnDense] Depth-map for image 212 estimated using  8 images: 960x540 (3s777ms)
20:44:46 [ScnDense] Reference image 232 paired with 8 views
20:44:50 [ScnDense] Depth-map for image 142 estimated using  8 images: 960x540 (3s661ms)
20:44:50 [ScnDense] Reference image  78 paired with 8 views
20:44:53 [ScnDense] Depth-map for image 232 estimated using  8 images: 960x540 (3s507ms)
20:44:53 [ScnDense] Reference image 162 paired with 8 views
20:44:57 [ScnDense] Depth-map for image  78 estimated using  8 images: 960x540 (3s456ms)
20:44:57 [ScnDense] Reference image 122 paired with 8 views
20:45:01 [ScnDense] Depth-map for image 162 estimated using  8 images: 960x540 (3s914ms)
20:45:01 [ScnDense] Reference image  56 paired with 8 views
20:45:04 [ScnDense] Depth-map for image 122 estimated using  8 images: 960x540 (3s289ms)
20:45:04 [ScnDense] Reference image 202 paired with 8 views
20:45:08 [ScnDense] Depth-map for image  56 estimated using  8 images: 960x540 (3s696ms)
20:45:08 [ScnDense] Reference image 222 paired with 8 views
20:45:11 [ScnDense] Depth-map for image 202 estimated using  8 images: 960x540 (3s169ms)
20:45:11 [ScnDense] Reference image 100 paired with 8 views
20:45:14 [ScnDense] Depth-map for image 222 estimated using  8 images: 960x540 (3s708ms)
20:45:15 [ScnDense] Reference image 132 paired with 8 views
20:45:18 [ScnDense] Depth-map for image 100 estimated using  8 images: 960x540 (3s477ms)
20:45:18 [ScnDense] Reference image 242 paired with 8 views
20:45:22 [ScnDense] Depth-map for image 132 estimated using  8 images: 960x540 (3s810ms)
20:45:22 [ScnDense] Reference image   1 paired with 8 views
20:45:25 [ScnDense] Depth-map for image 242 estimated using  8 images: 960x540 (3s621ms)
20:45:25 [ScnDense] Reference image 192 paired with 8 views
20:45:29 [ScnDense] Depth-map for image   1 estimated using  8 images: 960x540 (3s657ms)
20:45:29 [ScnDense] Reference image 182 paired with 8 views
20:45:33 [ScnDense] Depth-map for image 192 estimated using  8 images: 960x540 (3s906ms)
20:45:33 [ScnDense] Reference image 152 paired with 8 views
20:45:37 [ScnDense] Depth-map for image 182 estimated using  8 images: 960x540 (3s916ms)
20:45:37 [ScnDense] Reference image 111 paired with 8 views
20:45:41 [ScnDense] Depth-map for image 152 estimated using  8 images: 960x540 (3s783ms)
20:45:41 [ScnDense] Reference image  89 paired with 8 views
20:45:44 [ScnDense] Depth-map for image 111 estimated using  8 images: 960x540 (3s396ms)
20:45:44 [ScnDense] Reference image  67 paired with 8 views
20:45:48 [ScnDense] Depth-map for image  89 estimated using  8 images: 960x540 (3s510ms)
20:45:48 [ScnDense] Reference image  46 paired with 8 views
20:45:51 [ScnDense] Depth-map for image  67 estimated using  8 images: 960x540 (3s436ms)
20:45:51 [ScnDense] Reference image  24 paired with 8 views
20:45:55 [ScnDense] Depth-map for image  46 estimated using  8 images: 960x540 (3s426ms)
20:45:55 [ScnDense] Reference image 143 paired with 8 views
20:45:58 [ScnDense] Depth-map for image  24 estimated using  8 images: 960x540 (3s597ms)
20:45:58 [ScnDense] Reference image  79 paired with 8 views
20:46:02 [ScnDense] Depth-map for image 143 estimated using  8 images: 960x540 (3s328ms)
20:46:02 [ScnDense] Reference image  13 paired with 8 views
20:46:05 [ScnDense] Depth-map for image  79 estimated using  8 images: 960x540 (3s334ms)
20:46:05 [ScnDense] Reference image 173 paired with 8 views
20:46:08 [ScnDense] Depth-map for image  13 estimated using  8 images: 960x540 (3s533ms)
20:46:08 [ScnDense] Reference image 183 paired with 8 views
20:46:12 [ScnDense] Depth-map for image 173 estimated using  8 images: 960x540 (3s820ms)
20:46:12 [ScnDense] Reference image  35 paired with 8 views
20:46:16 [ScnDense] Depth-map for image 183 estimated using  8 images: 960x540 (3s913ms)
20:46:16 [ScnDense] Reference image 233 paired with 8 views
20:46:20 [ScnDense] Depth-map for image  35 estimated using  8 images: 960x540 (3s687ms)
20:46:20 [ScnDense] Reference image 243 paired with 8 views
20:46:23 [ScnDense] Depth-map for image 233 estimated using  8 images: 960x540 (3s427ms)
20:46:23 [ScnDense] Reference image 153 paired with 8 views
20:46:27 [ScnDense] Depth-map for image 243 estimated using  8 images: 960x540 (3s631ms)
20:46:27 [ScnDense] Reference image 133 paired with 8 views
20:46:31 [ScnDense] Depth-map for image 153 estimated using  8 images: 960x540 (3s944ms)
20:46:31 [ScnDense] Reference image 193 paired with 8 views
20:46:35 [ScnDense] Depth-map for image 133 estimated using  8 images: 960x540 (3s947ms)
20:46:35 [ScnDense] Reference image 223 paired with 8 views
20:46:39 [ScnDense] Depth-map for image 193 estimated using  8 images: 960x540 (3s836ms)
20:46:39 [ScnDense] Reference image  57 paired with 8 views
20:46:42 [ScnDense] Depth-map for image 223 estimated using  8 images: 960x540 (3s611ms)
20:46:42 [ScnDense] Reference image 123 paired with 8 views
20:46:46 [ScnDense] Depth-map for image  57 estimated using  8 images: 960x540 (3s915ms)
20:46:46 [ScnDense] Reference image  68 paired with 8 views
20:46:50 [ScnDense] Depth-map for image 123 estimated using  8 images: 960x540 (3s436ms)
20:46:50 [ScnDense] Reference image 163 paired with 8 views
20:46:53 [ScnDense] Depth-map for image  68 estimated using  8 images: 960x540 (3s554ms)
20:46:53 [ScnDense] Reference image  90 paired with 8 views
20:46:57 [ScnDense] Depth-map for image 163 estimated using  8 images: 960x540 (3s737ms)
20:46:57 [ScnDense] Reference image 101 paired with 8 views
20:47:01 [ScnDense] Depth-map for image  90 estimated using  8 images: 960x540 (3s573ms)
20:47:01 [ScnDense] Reference image   2 paired with 8 views
20:47:04 [ScnDense] Depth-map for image 101 estimated using  8 images: 960x540 (3s546ms)
20:47:04 [ScnDense] Reference image 213 paired with 8 views
20:47:08 [ScnDense] Depth-map for image   2 estimated using  8 images: 960x540 (3s555ms)
20:47:08 [ScnDense] Reference image 112 paired with 8 views
20:47:12 [ScnDense] Depth-map for image 213 estimated using  8 images: 960x540 (3s842ms)
20:47:12 [ScnDense] Reference image 203 paired with 8 views
20:47:15 [ScnDense] Depth-map for image 112 estimated using  8 images: 960x540 (3s455ms)
20:47:15 [ScnDense] Reference image  47 paired with 8 views
20:47:18 [ScnDense] Depth-map for image 203 estimated using  8 images: 960x540 (3s114ms)
20:47:18 [ScnDense] Reference image  25 paired with 8 views
20:47:22 [ScnDense] Depth-map for image  47 estimated using  8 images: 960x540 (3s573ms)
20:47:22 [ScnDense] Reference image 174 paired with 8 views
20:47:25 [ScnDense] Depth-map for image  25 estimated using  8 images: 960x540 (3s538ms)
20:47:25 [ScnDense] Reference image  14 paired with 8 views
20:47:29 [ScnDense] Depth-map for image 174 estimated using  8 images: 960x540 (3s853ms)
20:47:29 [ScnDense] Reference image  80 paired with 8 views
20:47:32 [ScnDense] Depth-map for image  14 estimated using  8 images: 960x540 (3s292ms)
20:47:33 [ScnDense] Reference image 184 paired with 8 views
20:47:36 [ScnDense] Depth-map for image  80 estimated using  8 images: 960x540 (3s378ms)
20:47:36 [ScnDense] Reference image  36 paired with 8 views
20:47:40 [ScnDense] Depth-map for image 184 estimated using  8 images: 960x540 (3s879ms)
20:47:40 [ScnDense] Reference image 144 paired with 8 views
20:47:43 [ScnDense] Depth-map for image  36 estimated using  8 images: 960x540 (3s521ms)
20:47:43 [ScnDense] Reference image 194 paired with 8 views
20:47:47 [ScnDense] Depth-map for image 144 estimated using  8 images: 960x540 (3s306ms)
20:47:47 [ScnDense] Reference image 234 paired with 8 views
20:47:50 [ScnDense] Depth-map for image 194 estimated using  8 images: 960x540 (3s644ms)
20:47:50 [ScnDense] Reference image  58 paired with 8 views
20:47:54 [ScnDense] Depth-map for image 234 estimated using  8 images: 960x540 (3s379ms)
20:47:54 [ScnDense] Reference image 244 paired with 8 views
20:47:58 [ScnDense] Depth-map for image  58 estimated using  8 images: 960x540 (3s865ms)
20:47:58 [ScnDense] Reference image 224 paired with 8 views
20:48:01 [ScnDense] Depth-map for image 244 estimated using  8 images: 960x540 (3s651ms)
20:48:01 [ScnDense] Reference image 102 paired with 8 views
20:48:05 [ScnDense] Depth-map for image 224 estimated using  8 images: 960x540 (3s691ms)
20:48:05 [ScnDense] Reference image 124 paired with 8 views
20:48:08 [ScnDense] Depth-map for image 102 estimated using  8 images: 960x540 (3s541ms)
20:48:08 [ScnDense] Reference image  69 paired with 8 views
20:48:12 [ScnDense] Depth-map for image 124 estimated using  8 images: 960x540 (3s526ms)
20:48:12 [ScnDense] Reference image  91 paired with 8 views
20:48:16 [ScnDense] Depth-map for image  69 estimated using  8 images: 960x540 (3s561ms)
20:48:16 [ScnDense] Reference image 134 paired with 8 views
20:48:19 [ScnDense] Depth-map for image  91 estimated using  8 images: 960x540 (3s753ms)
20:48:19 [ScnDense] Reference image 154 paired with 8 views
20:48:23 [ScnDense] Depth-map for image 134 estimated using  8 images: 960x540 (3s861ms)
20:48:23 [ScnDense] Reference image 164 paired with 8 views
20:48:27 [ScnDense] Depth-map for image 154 estimated using  8 images: 960x540 (3s841ms)
20:48:27 [ScnDense] Reference image 113 paired with 8 views
20:48:31 [ScnDense] Depth-map for image 164 estimated using  8 images: 960x540 (3s671ms)
20:48:31 [ScnDense] Reference image   3 paired with 8 views
20:48:34 [ScnDense] Depth-map for image 113 estimated using  8 images: 960x540 (3s438ms)
20:48:34 [ScnDense] Reference image 204 paired with 8 views
20:48:38 [ScnDense] Depth-map for image   3 estimated using  8 images: 960x540 (3s386ms)
20:48:38 [ScnDense] Reference image 214 paired with 8 views
20:48:41 [ScnDense] Depth-map for image 204 estimated using  8 images: 960x540 (3s190ms)
20:48:41 [ScnDense] Reference image  26 paired with 8 views
20:48:45 [ScnDense] Depth-map for image 214 estimated using  8 images: 960x540 (3s779ms)
20:48:45 [ScnDense] Reference image  48 paired with 8 views
20:48:48 [ScnDense] Depth-map for image  26 estimated using  8 images: 960x540 (3s379ms)
20:48:48 [ScnDense] Reference image 175 paired with 8 views
20:48:52 [ScnDense] Depth-map for image  48 estimated using  8 images: 960x540 (3s598ms)
20:48:52 [ScnDense] Reference image  81 paired with 8 views
20:48:56 [ScnDense] Depth-map for image 175 estimated using  8 images: 960x540 (3s919ms)
20:48:56 [ScnDense] Reference image 185 paired with 8 views
20:48:59 [ScnDense] Depth-map for image  81 estimated using  8 images: 960x540 (3s420ms)
20:48:59 [ScnDense] Reference image  15 paired with 8 views
20:49:03 [ScnDense] Depth-map for image 185 estimated using  8 images: 960x540 (3s831ms)
20:49:03 [ScnDense] Reference image  37 paired with 8 views
20:49:06 [ScnDense] Depth-map for image  15 estimated using  8 images: 960x540 (3s355ms)
20:49:06 [ScnDense] Reference image 145 paired with 8 views
20:49:10 [ScnDense] Depth-map for image  37 estimated using  8 images: 960x540 (3s511ms)
20:49:10 [ScnDense] Reference image 195 paired with 8 views
20:49:13 [ScnDense] Depth-map for image 145 estimated using  8 images: 960x540 (3s623ms)
20:49:13 [ScnDense] Reference image 245 paired with 8 views
20:49:17 [ScnDense] Depth-map for image 195 estimated using  8 images: 960x540 (3s664ms)
20:49:17 [ScnDense] Reference image  59 paired with 8 views
20:49:21 [ScnDense] Depth-map for image 245 estimated using  8 images: 960x540 (3s677ms)
20:49:21 [ScnDense] Reference image 235 paired with 8 views
20:49:25 [ScnDense] Depth-map for image  59 estimated using  8 images: 960x540 (3s880ms)
20:49:25 [ScnDense] Reference image 225 paired with 8 views
20:49:28 [ScnDense] Depth-map for image 235 estimated using  8 images: 960x540 (3s361ms)
20:49:28 [ScnDense] Reference image 155 paired with 8 views
20:49:32 [ScnDense] Depth-map for image 225 estimated using  8 images: 960x540 (3s586ms)
20:49:32 [ScnDense] Reference image 165 paired with 8 views
20:49:35 [ScnDense] Depth-map for image 155 estimated using  8 images: 960x540 (3s747ms)
20:49:35 [ScnDense] Reference image 125 paired with 8 views
20:49:39 [ScnDense] Depth-map for image 165 estimated using  8 images: 960x540 (3s745ms)
20:49:39 [ScnDense] Reference image 205 paired with 8 views
20:49:43 [ScnDense] Depth-map for image 125 estimated using  8 images: 960x540 (3s743ms)
20:49:43 [ScnDense] Reference image 103 paired with 8 views
20:49:46 [ScnDense] Depth-map for image 205 estimated using  8 images: 960x540 (3s380ms)
20:49:46 [ScnDense] Reference image  70 paired with 8 views
20:49:50 [ScnDense] Depth-map for image 103 estimated using  8 images: 960x540 (3s485ms)
20:49:50 [ScnDense] Reference image  92 paired with 8 views
20:49:53 [ScnDense] Depth-map for image  70 estimated using  8 images: 960x540 (3s683ms)
20:49:53 [ScnDense] Reference image 114 paired with 8 views
20:49:57 [ScnDense] Depth-map for image  92 estimated using  8 images: 960x540 (3s690ms)
20:49:57 [ScnDense] Reference image 135 paired with 8 views
20:50:01 [ScnDense] Depth-map for image 114 estimated using  8 images: 960x540 (3s444ms)
20:50:01 [ScnDense] Reference image   4 paired with 8 views
20:50:04 [ScnDense] Depth-map for image 135 estimated using  8 images: 960x540 (3s670ms)
20:50:04 [ScnDense] Reference image 215 paired with 8 views
20:50:08 [ScnDense] Depth-map for image   4 estimated using  8 images: 960x540 (3s485ms)
20:50:08 [ScnDense] Reference image  27 paired with 8 views
20:50:11 [ScnDense] Depth-map for image 215 estimated using  8 images: 960x540 (3s411ms)
20:50:11 [ScnDense] Reference image  49 paired with 8 views
20:50:15 [ScnDense] Depth-map for image  27 estimated using  8 images: 960x540 (3s769ms)
20:50:15 [ScnDense] Reference image  16 paired with 8 views
20:50:18 [ScnDense] Depth-map for image  49 estimated using  8 images: 960x540 (3s566ms)
20:50:19 [ScnDense] Reference image 186 paired with 8 views
20:50:22 [ScnDense] Depth-map for image  16 estimated using  8 images: 960x540 (3s431ms)
20:50:22 [ScnDense] Reference image  38 paired with 8 views
20:50:26 [ScnDense] Depth-map for image 186 estimated using  8 images: 960x540 (3s766ms)
20:50:26 [ScnDense] Reference image 176 paired with 8 views
20:50:29 [ScnDense] Depth-map for image  38 estimated using  8 images: 960x540 (3s633ms)
20:50:29 [ScnDense] Reference image 196 paired with 8 views
20:50:33 [ScnDense] Depth-map for image 176 estimated using  8 images: 960x540 (3s829ms)
20:50:33 [ScnDense] Reference image  82 paired with 8 views
20:50:37 [ScnDense] Depth-map for image 196 estimated using  8 images: 960x540 (3s604ms)
20:50:37 [ScnDense] Reference image  60 paired with 8 views
20:50:40 [ScnDense] Depth-map for image  82 estimated using  8 images: 960x540 (3s488ms)
20:50:40 [ScnDense] Reference image 146 paired with 8 views
20:50:44 [ScnDense] Depth-map for image  60 estimated using  8 images: 960x540 (3s663ms)
20:50:44 [ScnDense] Reference image 236 paired with 8 views
20:50:48 [ScnDense] Depth-map for image 146 estimated using  8 images: 960x540 (3s829ms)
20:50:48 [ScnDense] Reference image 246 paired with 8 views
20:50:52 [ScnDense] Depth-map for image 236 estimated using  8 images: 960x540 (3s695ms)
20:50:52 [ScnDense] Reference image 156 paired with 8 views
20:50:55 [ScnDense] Depth-map for image 246 estimated using  8 images: 960x540 (3s625ms)
20:50:55 [ScnDense] Reference image 226 paired with 8 views
20:50:59 [ScnDense] Depth-map for image 156 estimated using  8 images: 960x540 (3s784ms)
20:50:59 [ScnDense] Reference image 126 paired with 8 views
20:51:02 [ScnDense] Depth-map for image 226 estimated using  8 images: 960x540 (3s410ms)
20:51:02 [ScnDense] Reference image 206 paired with 8 views
20:51:06 [ScnDense] Depth-map for image 126 estimated using  8 images: 960x540 (3s710ms)
20:51:06 [ScnDense] Reference image 166 paired with 8 views
20:51:10 [ScnDense] Depth-map for image 206 estimated using  8 images: 960x540 (3s416ms)
20:51:10 [ScnDense] Reference image  71 paired with 8 views
20:51:13 [ScnDense] Depth-map for image 166 estimated using  8 images: 960x540 (3s810ms)
20:51:13 [ScnDense] Reference image 104 paired with 8 views
20:51:17 [ScnDense] Depth-map for image  71 estimated using  8 images: 960x540 (3s585ms)
20:51:17 [ScnDense] Reference image 115 paired with 8 views
20:51:20 [ScnDense] Depth-map for image 104 estimated using  8 images: 960x540 (3s521ms)
20:51:21 [ScnDense] Reference image  28 paired with 8 views
20:51:24 [ScnDense] Depth-map for image 115 estimated using  8 images: 960x540 (3s568ms)
20:51:24 [ScnDense] Reference image   5 paired with 8 views
20:51:28 [ScnDense] Depth-map for image  28 estimated using  8 images: 960x540 (3s920ms)
20:51:28 [ScnDense] Reference image  93 paired with 8 views
20:51:32 [ScnDense] Depth-map for image   5 estimated using  8 images: 960x540 (3s550ms)
20:51:32 [ScnDense] Reference image  50 paired with 8 views
20:51:35 [ScnDense] Depth-map for image  93 estimated using  8 images: 960x540 (3s699ms)
20:51:35 [ScnDense] Reference image  17 paired with 8 views
20:51:39 [ScnDense] Depth-map for image  50 estimated using  8 images: 960x540 (3s591ms)
20:51:39 [ScnDense] Reference image 187 paired with 8 views
20:51:42 [ScnDense] Depth-map for image  17 estimated using  8 images: 960x540 (3s490ms)
20:51:42 [ScnDense] Reference image 216 paired with 8 views
20:51:46 [ScnDense] Depth-map for image 187 estimated using  8 images: 960x540 (3s945ms)
20:51:46 [ScnDense] Reference image 197 paired with 8 views
20:51:50 [ScnDense] Depth-map for image 216 estimated using  8 images: 960x540 (3s292ms)
20:51:50 [ScnDense] Reference image 177 paired with 8 views
20:51:53 [ScnDense] Depth-map for image 197 estimated using  8 images: 960x540 (3s537ms)
20:51:53 [ScnDense] Reference image 136 paired with 8 views
20:51:57 [ScnDense] Depth-map for image 177 estimated using  8 images: 960x540 (3s931ms)
20:51:57 [ScnDense] Reference image  39 paired with 8 views
20:52:01 [ScnDense] Depth-map for image 136 estimated using  8 images: 960x540 (3s600ms)
20:52:01 [ScnDense] Reference image 147 paired with 8 views
20:52:04 [ScnDense] Depth-map for image  39 estimated using  8 images: 960x540 (3s624ms)
20:52:04 [ScnDense] Reference image  61 paired with 8 views
20:52:08 [ScnDense] Depth-map for image 147 estimated using  8 images: 960x540 (3s840ms)
20:52:08 [ScnDense] Reference image 237 paired with 8 views
20:52:12 [ScnDense] Depth-map for image  61 estimated using  8 images: 960x540 (3s712ms)
20:52:12 [ScnDense] Reference image 157 paired with 8 views
20:52:16 [ScnDense] Depth-map for image 237 estimated using  8 images: 960x540 (3s690ms)
20:52:16 [ScnDense] Reference image 247 paired with 8 views
20:52:20 [ScnDense] Depth-map for image 157 estimated using  8 images: 960x540 (3s825ms)
20:52:20 [ScnDense] Reference image 207 paired with 8 views
20:52:23 [ScnDense] Depth-map for image 247 estimated using  8 images: 960x540 (3s576ms)
20:52:23 [ScnDense] Reference image  83 paired with 8 views
20:52:27 [ScnDense] Depth-map for image 207 estimated using  8 images: 960x540 (3s742ms)
20:52:27 [ScnDense] Reference image 227 paired with 8 views
20:52:30 [ScnDense] Depth-map for image  83 estimated using  8 images: 960x540 (3s622ms)
20:52:31 [ScnDense] Reference image 167 paired with 8 views
20:52:34 [ScnDense] Depth-map for image 227 estimated using  8 images: 960x540 (3s421ms)
20:52:34 [ScnDense] Reference image 127 paired with 8 views
20:52:38 [ScnDense] Depth-map for image 167 estimated using  8 images: 960x540 (3s836ms)
20:52:38 [ScnDense] Reference image  72 paired with 8 views
20:52:41 [ScnDense] Depth-map for image 127 estimated using  8 images: 960x540 (3s688ms)
20:52:42 [ScnDense] Reference image  29 paired with 8 views
20:52:45 [ScnDense] Depth-map for image  72 estimated using  8 images: 960x540 (3s721ms)
20:52:45 [ScnDense] Reference image   6 paired with 8 views
20:52:49 [ScnDense] Depth-map for image  29 estimated using  8 images: 960x540 (3s736ms)
20:52:49 [ScnDense] Reference image 116 paired with 8 views
20:52:53 [ScnDense] Depth-map for image   6 estimated using  8 images: 960x540 (3s763ms)
20:52:53 [ScnDense] Reference image 105 paired with 8 views
20:52:56 [ScnDense] Depth-map for image 116 estimated using  8 images: 960x540 (3s556ms)
20:52:56 [ScnDense] Reference image  51 paired with 8 views
20:53:00 [ScnDense] Depth-map for image 105 estimated using  8 images: 960x540 (3s453ms)
20:53:00 [ScnDense] Reference image  18 paired with 8 views
20:53:03 [ScnDense] Depth-map for image  51 estimated using  8 images: 960x540 (3s570ms)
20:53:03 [ScnDense] Reference image  94 paired with 8 views
20:53:07 [ScnDense] Depth-map for image  18 estimated using  8 images: 960x540 (3s346ms)
20:53:07 [ScnDense] Reference image 217 paired with 8 views
20:53:10 [ScnDense] Depth-map for image  94 estimated using  8 images: 960x540 (3s764ms)
20:53:11 [ScnDense] Reference image 188 paired with 8 views
20:53:14 [ScnDense] Depth-map for image 217 estimated using  8 images: 960x540 (3s289ms)
20:53:14 [ScnDense] Reference image 137 paired with 8 views
20:53:18 [ScnDense] Depth-map for image 188 estimated using  8 images: 960x540 (3s980ms)
20:53:18 [ScnDense] Reference image  40 paired with 8 views
20:53:21 [ScnDense] Depth-map for image 137 estimated using  8 images: 960x540 (3s687ms)
20:53:22 [ScnDense] Reference image 178 paired with 8 views
20:53:25 [ScnDense] Depth-map for image  40 estimated using  8 images: 960x540 (3s659ms)
20:53:25 [ScnDense] Reference image 148 paired with 8 views
20:53:29 [ScnDense] Depth-map for image 178 estimated using  8 images: 960x540 (3s891ms)
20:53:29 [ScnDense] Reference image 238 paired with 8 views
20:53:33 [ScnDense] Depth-map for image 148 estimated using  8 images: 960x540 (3s516ms)
20:53:33 [ScnDense] Reference image 198 paired with 8 views
20:53:36 [ScnDense] Depth-map for image 238 estimated using  8 images: 960x540 (3s713ms)
20:53:36 [ScnDense] Reference image  62 paired with 8 views
20:53:40 [ScnDense] Depth-map for image 198 estimated using  8 images: 960x540 (3s627ms)
20:53:40 [ScnDense] Reference image 208 paired with 8 views
20:53:44 [ScnDense] Depth-map for image  62 estimated using  8 images: 960x540 (3s766ms)
20:53:44 [ScnDense] Reference image  84 paired with 8 views
20:53:48 [ScnDense] Depth-map for image 208 estimated using  8 images: 960x540 (3s888ms)
20:53:48 [ScnDense] Reference image 248 paired with 8 views
20:53:51 [ScnDense] Depth-map for image  84 estimated using  8 images: 960x540 (3s681ms)
20:53:51 [ScnDense] Reference image  73 paired with 8 views
20:53:55 [ScnDense] Depth-map for image 248 estimated using  8 images: 960x540 (3s482ms)
20:53:55 [ScnDense] Reference image 128 paired with 8 views
20:53:58 [ScnDense] Depth-map for image  73 estimated using  8 images: 960x540 (3s612ms)
20:53:58 [ScnDense] Reference image  30 paired with 8 views
20:54:02 [ScnDense] Depth-map for image 128 estimated using  8 images: 960x540 (3s634ms)
20:54:02 [ScnDense] Reference image 168 paired with 8 views
20:54:06 [ScnDense] Depth-map for image  30 estimated using  8 images: 960x540 (3s529ms)
20:54:06 [ScnDense] Reference image 158 paired with 8 views
20:54:09 [ScnDense] Depth-map for image 168 estimated using  8 images: 960x540 (3s806ms)
20:54:09 [ScnDense] Reference image 106 paired with 8 views
20:54:13 [ScnDense] Depth-map for image 158 estimated using  8 images: 960x540 (3s905ms)
20:54:13 [ScnDense] Reference image  19 paired with 8 views
20:54:17 [ScnDense] Depth-map for image 106 estimated using  8 images: 960x540 (3s411ms)
20:54:17 [ScnDense] Reference image 228 paired with 8 views
20:54:20 [ScnDense] Depth-map for image  19 estimated using  8 images: 960x540 (3s389ms)
20:54:20 [ScnDense] Reference image 117 paired with 8 views
20:54:24 [ScnDense] Depth-map for image 228 estimated using  8 images: 960x540 (3s495ms)
20:54:24 [ScnDense] Reference image  52 paired with 8 views
20:54:27 [ScnDense] Depth-map for image 117 estimated using  8 images: 960x540 (3s530ms)
20:54:27 [ScnDense] Reference image  95 paired with 8 views
20:54:31 [ScnDense] Depth-map for image  52 estimated using  8 images: 960x540 (3s691ms)
20:54:31 [ScnDense] Reference image 218 paired with 8 views
20:54:35 [ScnDense] Depth-map for image  95 estimated using  8 images: 960x540 (3s693ms)
20:54:35 [ScnDense] Reference image   7 paired with 8 views
20:54:38 [ScnDense] Depth-map for image 218 estimated using  8 images: 960x540 (3s333ms)
20:54:38 [ScnDense] Reference image 189 paired with 8 views
20:54:42 [ScnDense] Depth-map for image   7 estimated using  8 images: 960x540 (3s842ms)
20:54:42 [ScnDense] Reference image  41 paired with 8 views
20:54:46 [ScnDense] Depth-map for image 189 estimated using  8 images: 960x540 (3s841ms)
20:54:46 [ScnDense] Reference image 179 paired with 8 views
20:54:49 [ScnDense] Depth-map for image  41 estimated using  8 images: 960x540 (3s248ms)
20:54:49 [ScnDense] Reference image 199 paired with 8 views
20:54:53 [ScnDense] Depth-map for image 179 estimated using  8 images: 960x540 (3s865ms)
20:54:53 [ScnDense] Reference image 239 paired with 8 views
20:54:57 [ScnDense] Depth-map for image 199 estimated using  8 images: 960x540 (3s755ms)
20:54:57 [ScnDense] Reference image 209 paired with 8 views
20:55:00 [ScnDense] Depth-map for image 239 estimated using  8 images: 960x540 (3s807ms)
20:55:00 [ScnDense] Reference image  63 paired with 8 views
20:55:04 [ScnDense] Depth-map for image 209 estimated using  8 images: 960x540 (3s644ms)
20:55:04 [ScnDense] Reference image 138 paired with 8 views
20:55:08 [ScnDense] Depth-map for image  63 estimated using  8 images: 960x540 (3s559ms)
20:55:08 [ScnDense] Reference image 149 paired with 8 views
20:55:11 [ScnDense] Depth-map for image 138 estimated using  8 images: 960x540 (3s675ms)
20:55:11 [ScnDense] Reference image  31 paired with 8 views
20:55:15 [ScnDense] Depth-map for image 149 estimated using  8 images: 960x540 (3s624ms)
20:55:15 [ScnDense] Reference image  85 paired with 8 views
20:55:18 [ScnDense] Depth-map for image  31 estimated using  8 images: 960x540 (3s425ms)
20:55:18 [ScnDense] Reference image 129 paired with 8 views
20:55:22 [ScnDense] Depth-map for image  85 estimated using  8 images: 960x540 (3s523ms)
20:55:22 [ScnDense] Reference image  74 paired with 8 views
20:55:26 [ScnDense] Depth-map for image 129 estimated using  8 images: 960x540 (3s748ms)
20:55:26 [ScnDense] Reference image 249 paired with 8 views
20:55:29 [ScnDense] Depth-map for image  74 estimated using  8 images: 960x540 (3s572ms)
20:55:29 [ScnDense] Reference image 107 paired with 8 views
20:55:32 [ScnDense] Depth-map for image 249 estimated using  8 images: 960x540 (3s144ms)
20:55:32 [ScnDense] Reference image 169 paired with 8 views
20:55:36 [ScnDense] Depth-map for image 107 estimated using  8 images: 960x540 (3s539ms)
20:55:36 [ScnDense] Reference image  20 paired with 8 views
20:55:40 [ScnDense] Depth-map for image 169 estimated using  8 images: 960x540 (3s837ms)
20:55:40 [ScnDense] Reference image  53 paired with 8 views
20:55:43 [ScnDense] Depth-map for image  20 estimated using  8 images: 960x540 (3s559ms)
20:55:43 [ScnDense] Reference image 159 paired with 8 views
20:55:47 [ScnDense] Depth-map for image  53 estimated using  8 images: 960x540 (3s727ms)
20:55:47 [ScnDense] Reference image 229 paired with 8 views
20:55:51 [ScnDense] Depth-map for image 159 estimated using  8 images: 960x540 (3s830ms)
20:55:51 [ScnDense] Reference image 118 paired with 8 views
20:55:54 [ScnDense] Depth-map for image 229 estimated using  8 images: 960x540 (3s410ms)
20:55:55 [ScnDense] Reference image 190 paired with 8 views
20:55:58 [ScnDense] Depth-map for image 118 estimated using  8 images: 960x540 (3s408ms)
20:55:58 [ScnDense] Reference image  42 paired with 8 views
20:56:02 [ScnDense] Depth-map for image 190 estimated using  8 images: 960x540 (3s872ms)
20:56:02 [ScnDense] Reference image   8 paired with 8 views
20:56:05 [ScnDense] Depth-map for image  42 estimated using  8 images: 960x540 (3s174ms)
20:56:05 [ScnDense] Reference image  96 paired with 8 views
20:56:09 [ScnDense] Depth-map for image   8 estimated using  8 images: 960x540 (3s943ms)
20:56:09 [ScnDense] Reference image 200 paired with 8 views
20:56:13 [ScnDense] Depth-map for image  96 estimated using  8 images: 960x540 (3s482ms)
20:56:13 [ScnDense] Reference image 219 paired with 8 views
20:56:16 [ScnDense] Depth-map for image 200 estimated using  8 images: 960x540 (3s747ms)
20:56:16 [ScnDense] Reference image 240 paired with 8 views
20:56:20 [ScnDense] Depth-map for image 219 estimated using  8 images: 960x540 (3s290ms)
20:56:20 [ScnDense] Reference image 180 paired with 8 views
20:56:23 [ScnDense] Depth-map for image 240 estimated using  8 images: 960x540 (3s601ms)
20:56:23 [ScnDense] Reference image 210 paired with 8 views
20:56:27 [ScnDense] Depth-map for image 180 estimated using  8 images: 960x540 (3s792ms)
20:56:27 [ScnDense] Reference image  64 paired with 8 views
20:56:31 [ScnDense] Depth-map for image 210 estimated using  8 images: 960x540 (3s782ms)
20:56:31 [ScnDense] Reference image 139 paired with 8 views
20:56:34 [ScnDense] Depth-map for image  64 estimated using  8 images: 960x540 (3s486ms)
20:56:34 [ScnDense] Reference image  32 paired with 8 views
20:56:38 [ScnDense] Depth-map for image 139 estimated using  8 images: 960x540 (3s593ms)
20:56:38 [ScnDense] Reference image  86 paired with 8 views
20:56:42 [ScnDense] Depth-map for image  32 estimated using  8 images: 960x540 (3s720ms)
20:56:42 [ScnDense] Reference image 150 paired with 8 views
20:56:45 [ScnDense] Depth-map for image  86 estimated using  8 images: 960x540 (3s452ms)
20:56:45 [ScnDense] Reference image  75 paired with 8 views
20:56:49 [ScnDense] Depth-map for image 150 estimated using  8 images: 960x540 (3s543ms)
20:56:49 [ScnDense] Reference image 130 paired with 8 views
20:56:52 [ScnDense] Depth-map for image  75 estimated using  8 images: 960x540 (3s672ms)
20:56:52 [ScnDense] Reference image 250 paired with 8 views
20:56:56 [ScnDense] Depth-map for image 130 estimated using  8 images: 960x540 (3s703ms)
20:56:56 [ScnDense] Reference image  54 paired with 8 views
20:56:59 [ScnDense] Depth-map for image 250 estimated using  8 images: 960x540 (2s999ms)
20:56:59 [ScnDense] Reference image  21 paired with 8 views
20:57:03 [ScnDense] Depth-map for image  54 estimated using  8 images: 960x540 (3s747ms)
20:57:03 [ScnDense] Reference image 170 paired with 8 views
20:57:07 [ScnDense] Depth-map for image  21 estimated using  8 images: 960x540 (3s762ms)
20:57:07 [ScnDense] Reference image 230 paired with 8 views
20:57:10 [ScnDense] Depth-map for image 170 estimated using  8 images: 960x540 (3s678ms)
20:57:10 [ScnDense] Reference image 160 paired with 8 views
20:57:14 [ScnDense] Depth-map for image 230 estimated using  8 images: 960x540 (3s624ms)
20:57:14 [ScnDense] Reference image 108 paired with 8 views
20:57:18 [ScnDense] Depth-map for image 160 estimated using  8 images: 960x540 (3s641ms)
20:57:18 [ScnDense] Reference image 119 paired with 8 views
20:57:21 [ScnDense] Depth-map for image 108 estimated using  8 images: 960x540 (3s462ms)
20:57:21 [ScnDense] Reference image  43 paired with 8 views
20:57:25 [ScnDense] Depth-map for image 119 estimated using  8 images: 960x540 (3s634ms)
20:57:25 [ScnDense] Reference image   9 paired with 8 views
20:57:28 [ScnDense] Depth-map for image  43 estimated using  8 images: 960x540 (3s174ms)
20:57:28 [ScnDense] Reference image 220 paired with 8 views
20:57:32 [ScnDense] Depth-map for image   9 estimated using  8 images: 960x540 (3s881ms)
20:57:32 [ScnDense] Reference image  97 paired with 8 views
20:57:35 [ScnDense] Depth-map for image 220 estimated using  8 images: 960x540 (3s361ms)
20:57:35 [ScnDense] Reference image 140 paired with 8 views
20:57:39 [ScnDense] Depth-map for image  97 estimated using  8 images: 960x540 (3s559ms)
20:57:39 [ScnDense] Reference image  87 paired with 8 views
20:57:43 [ScnDense] Depth-map for image 140 estimated using  8 images: 960x540 (3s949ms)
20:57:43 [ScnDense] Reference image  65 paired with 8 views
20:57:46 [ScnDense] Depth-map for image  87 estimated using  8 images: 960x540 (3s388ms)
20:57:46 [ScnDense] Reference image  76 paired with 8 views
20:57:50 [ScnDense] Depth-map for image  65 estimated using  8 images: 960x540 (3s538ms)
20:57:50 [ScnDense] Reference image 109 paired with 8 views
20:57:53 [ScnDense] Depth-map for image  76 estimated using  8 images: 960x540 (3s718ms)
20:57:53 [ScnDense] Reference image  10 paired with 8 views
20:57:57 [ScnDense] Depth-map for image 109 estimated using  8 images: 960x540 (3s315ms)
20:57:57 [ScnDense] Reference image 120 paired with 8 views
20:58:00 [ScnDense] Depth-map for image  10 estimated using  8 images: 960x540 (3s620ms)
20:58:00 [ScnDense] Reference image  98 paired with 8 views
20:58:04 [ScnDense] Depth-map for image 120 estimated using  8 images: 960x540 (3s612ms)
20:58:07 [ScnDense] Depth-map for image  98 estimated using  8 images: 960x540 (3s440ms)
20:58:07 [ScnDense] Reference image   0 paired with 8 views
20:58:08 [ScnDense] Reference image  11 paired with 8 views
20:58:08 [ScnDense] Depth-map for image   0 estimated using  8 images: 960x540 (824ms)
20:58:08 [ScnDense] Reference image 121 paired with 8 views
20:58:09 [ScnDense] Depth-map for image  11 estimated using  8 images: 960x540 (781ms)
20:58:09 [ScnDense] Reference image  44 paired with 8 views
20:58:10 [ScnDense] Depth-map for image 121 estimated using  8 images: 960x540 (784ms)
20:58:10 [ScnDense] Reference image  55 paired with 8 views
20:58:11 [ScnDense] Depth-map for image  44 estimated using  8 images: 960x540 (758ms)
20:58:11 [ScnDense] Reference image  22 paired with 8 views
20:58:12 [ScnDense] Depth-map for image  55 estimated using  8 images: 960x540 (849ms)
20:58:12 [ScnDense] Reference image 131 paired with 8 views
20:58:12 [ScnDense] Depth-map for image  22 estimated using  8 images: 960x540 (852ms)
20:58:12 [ScnDense] Reference image  66 paired with 8 views
20:58:13 [ScnDense] Depth-map for image 131 estimated using  8 images: 960x540 (835ms)
20:58:13 [ScnDense] Reference image  33 paired with 8 views
20:58:14 [ScnDense] Depth-map for image  66 estimated using  8 images: 960x540 (746ms)
20:58:14 [ScnDense] Reference image 161 paired with 8 views
20:58:15 [ScnDense] Depth-map for image  33 estimated using  8 images: 960x540 (863ms)
20:58:15 [ScnDense] Reference image 151 paired with 8 views
20:58:16 [ScnDense] Depth-map for image 161 estimated using  8 images: 960x540 (846ms)
20:58:16 [ScnDense] Reference image  77 paired with 8 views
20:58:17 [ScnDense] Depth-map for image 151 estimated using  8 images: 960x540 (798ms)
20:58:17 [ScnDense] Reference image 171 paired with 8 views
20:58:17 [ScnDense] Depth-map for image  77 estimated using  8 images: 960x540 (787ms)
20:58:17 [ScnDense] Reference image  99 paired with 8 views
20:58:18 [ScnDense] Depth-map for image 171 estimated using  8 images: 960x540 (815ms)
20:58:18 [ScnDense] Reference image 191 paired with 8 views
20:58:19 [ScnDense] Depth-map for image  99 estimated using  8 images: 960x540 (833ms)
20:58:19 [ScnDense] Reference image 181 paired with 8 views
20:58:20 [ScnDense] Depth-map for image 191 estimated using  8 images: 960x540 (898ms)
20:58:20 [ScnDense] Reference image 110 paired with 8 views
20:58:21 [ScnDense] Depth-map for image 181 estimated using  8 images: 960x540 (815ms)
20:58:21 [ScnDense] Reference image 141 paired with 8 views
20:58:22 [ScnDense] Depth-map for image 110 estimated using  8 images: 960x540 (756ms)
20:58:22 [ScnDense] Reference image 241 paired with 8 views
20:58:22 [ScnDense] Depth-map for image 141 estimated using  8 images: 960x540 (871ms)
20:58:22 [ScnDense] Reference image 221 paired with 8 views
20:58:23 [ScnDense] Depth-map for image 241 estimated using  8 images: 960x540 (824ms)
20:58:23 [ScnDense] Reference image  88 paired with 8 views
20:58:24 [ScnDense] Depth-map for image 221 estimated using  8 images: 960x540 (809ms)
20:58:24 [ScnDense] Reference image 201 paired with 8 views
20:58:25 [ScnDense] Depth-map for image  88 estimated using  8 images: 960x540 (720ms)
20:58:25 [ScnDense] Reference image 211 paired with 8 views
20:58:26 [ScnDense] Depth-map for image 201 estimated using  8 images: 960x540 (811ms)
20:58:26 [ScnDense] Reference image 231 paired with 8 views
20:58:27 [ScnDense] Depth-map for image 211 estimated using  8 images: 960x540 (869ms)
20:58:27 [ScnDense] Reference image  45 paired with 8 views
20:58:27 [ScnDense] Depth-map for image 231 estimated using  8 images: 960x540 (741ms)
20:58:27 [ScnDense] Reference image  34 paired with 8 views
20:58:28 [ScnDense] Depth-map for image  45 estimated using  8 images: 960x540 (799ms)
20:58:28 [ScnDense] Reference image  23 paired with 8 views
20:58:29 [ScnDense] Depth-map for image  34 estimated using  8 images: 960x540 (856ms)
20:58:29 [ScnDense] Reference image 172 paired with 8 views
20:58:30 [ScnDense] Depth-map for image  23 estimated using  8 images: 960x540 (880ms)
20:58:30 [ScnDense] Reference image  12 paired with 8 views
20:58:31 [ScnDense] Depth-map for image 172 estimated using  8 images: 960x540 (845ms)
20:58:31 [ScnDense] Reference image 212 paired with 8 views
20:58:31 [ScnDense] Depth-map for image  12 estimated using  8 images: 960x540 (769ms)
20:58:32 [ScnDense] Reference image 142 paired with 8 views
20:58:32 [ScnDense] Depth-map for image 212 estimated using  8 images: 960x540 (868ms)
20:58:32 [ScnDense] Reference image 232 paired with 8 views
20:58:33 [ScnDense] Depth-map for image 142 estimated using  8 images: 960x540 (809ms)
20:58:33 [ScnDense] Reference image  78 paired with 8 views
20:58:34 [ScnDense] Depth-map for image 232 estimated using  8 images: 960x540 (786ms)
20:58:34 [ScnDense] Reference image 162 paired with 8 views
20:58:35 [ScnDense] Depth-map for image  78 estimated using  8 images: 960x540 (759ms)
20:58:35 [ScnDense] Reference image 122 paired with 8 views
20:58:36 [ScnDense] Depth-map for image 162 estimated using  8 images: 960x540 (876ms)
20:58:36 [ScnDense] Reference image  56 paired with 8 views
20:58:36 [ScnDense] Depth-map for image 122 estimated using  8 images: 960x540 (756ms)
20:58:36 [ScnDense] Reference image 202 paired with 8 views
20:58:37 [ScnDense] Depth-map for image  56 estimated using  8 images: 960x540 (842ms)
20:58:37 [ScnDense] Reference image 222 paired with 8 views
20:58:38 [ScnDense] Depth-map for image 202 estimated using  8 images: 960x540 (710ms)
20:58:38 [ScnDense] Reference image 100 paired with 8 views
20:58:39 [ScnDense] Depth-map for image 222 estimated using  8 images: 960x540 (842ms)
20:58:39 [ScnDense] Reference image 132 paired with 8 views
20:58:40 [ScnDense] Depth-map for image 100 estimated using  8 images: 960x540 (791ms)
20:58:40 [ScnDense] Reference image 242 paired with 8 views
20:58:41 [ScnDense] Depth-map for image 132 estimated using  8 images: 960x540 (867ms)
20:58:41 [ScnDense] Reference image   1 paired with 8 views
20:58:41 [ScnDense] Depth-map for image 242 estimated using  8 images: 960x540 (819ms)
20:58:41 [ScnDense] Reference image 192 paired with 8 views
20:58:42 [ScnDense] Depth-map for image   1 estimated using  8 images: 960x540 (853ms)
20:58:42 [ScnDense] Reference image 182 paired with 8 views
20:58:43 [ScnDense] Depth-map for image 192 estimated using  8 images: 960x540 (879ms)
20:58:43 [ScnDense] Reference image 152 paired with 8 views
20:58:44 [ScnDense] Depth-map for image 182 estimated using  8 images: 960x540 (882ms)
20:58:44 [ScnDense] Reference image 111 paired with 8 views
20:58:45 [ScnDense] Depth-map for image 152 estimated using  8 images: 960x540 (803ms)
20:58:45 [ScnDense] Reference image  89 paired with 8 views
20:58:46 [ScnDense] Depth-map for image 111 estimated using  8 images: 960x540 (734ms)
20:58:46 [ScnDense] Reference image  67 paired with 8 views
20:58:46 [ScnDense] Depth-map for image  89 estimated using  8 images: 960x540 (810ms)
20:58:46 [ScnDense] Reference image  46 paired with 8 views
20:58:47 [ScnDense] Depth-map for image  67 estimated using  8 images: 960x540 (761ms)
20:58:47 [ScnDense] Reference image  24 paired with 8 views
20:58:48 [ScnDense] Depth-map for image  46 estimated using  8 images: 960x540 (784ms)
20:58:48 [ScnDense] Reference image 143 paired with 8 views
20:58:49 [ScnDense] Depth-map for image  24 estimated using  8 images: 960x540 (809ms)
20:58:49 [ScnDense] Reference image  79 paired with 8 views
20:58:50 [ScnDense] Depth-map for image 143 estimated using  8 images: 960x540 (757ms)
20:58:50 [ScnDense] Reference image  13 paired with 8 views
20:58:50 [ScnDense] Depth-map for image  79 estimated using  8 images: 960x540 (761ms)
20:58:50 [ScnDense] Reference image 173 paired with 8 views
20:58:51 [ScnDense] Depth-map for image  13 estimated using  8 images: 960x540 (792ms)
20:58:51 [ScnDense] Reference image 183 paired with 8 views
20:58:52 [ScnDense] Depth-map for image 173 estimated using  8 images: 960x540 (843ms)
20:58:52 [ScnDense] Reference image  35 paired with 8 views
20:58:53 [ScnDense] Depth-map for image 183 estimated using  8 images: 960x540 (882ms)
20:58:53 [ScnDense] Reference image 233 paired with 8 views
20:58:54 [ScnDense] Depth-map for image  35 estimated using  8 images: 960x540 (841ms)
20:58:54 [ScnDense] Reference image 243 paired with 8 views
20:58:54 [ScnDense] Depth-map for image 233 estimated using  8 images: 960x540 (770ms)
20:58:55 [ScnDense] Reference image 153 paired with 8 views
20:58:55 [ScnDense] Depth-map for image 243 estimated using  8 images: 960x540 (806ms)
20:58:55 [ScnDense] Reference image 133 paired with 8 views
20:58:56 [ScnDense] Depth-map for image 153 estimated using  8 images: 960x540 (857ms)
20:58:56 [ScnDense] Reference image 193 paired with 8 views
20:58:57 [ScnDense] Depth-map for image 133 estimated using  8 images: 960x540 (939ms)
20:58:57 [ScnDense] Reference image 223 paired with 8 views
20:58:58 [ScnDense] Depth-map for image 193 estimated using  8 images: 960x540 (854ms)
20:58:58 [ScnDense] Reference image  57 paired with 8 views
20:58:59 [ScnDense] Depth-map for image 223 estimated using  8 images: 960x540 (853ms)
20:58:59 [ScnDense] Reference image 123 paired with 8 views
20:59:00 [ScnDense] Depth-map for image  57 estimated using  8 images: 960x540 (867ms)
20:59:00 [ScnDense] Reference image  68 paired with 8 views
20:59:01 [ScnDense] Depth-map for image 123 estimated using  8 images: 960x540 (814ms)
20:59:01 [ScnDense] Reference image 163 paired with 8 views
20:59:01 [ScnDense] Depth-map for image  68 estimated using  8 images: 960x540 (793ms)
20:59:01 [ScnDense] Reference image  90 paired with 8 views
20:59:02 [ScnDense] Depth-map for image 163 estimated using  8 images: 960x540 (835ms)
20:59:02 [ScnDense] Reference image 101 paired with 8 views
20:59:03 [ScnDense] Depth-map for image  90 estimated using  8 images: 960x540 (778ms)
20:59:03 [ScnDense] Reference image   2 paired with 8 views
20:59:04 [ScnDense] Depth-map for image 101 estimated using  8 images: 960x540 (801ms)
20:59:04 [ScnDense] Reference image 213 paired with 8 views
20:59:05 [ScnDense] Depth-map for image   2 estimated using  8 images: 960x540 (792ms)
20:59:05 [ScnDense] Reference image 112 paired with 8 views
20:59:06 [ScnDense] Depth-map for image 213 estimated using  8 images: 960x540 (869ms)
20:59:06 [ScnDense] Reference image 203 paired with 8 views
20:59:06 [ScnDense] Depth-map for image 112 estimated using  8 images: 960x540 (759ms)
20:59:06 [ScnDense] Reference image  47 paired with 8 views
20:59:07 [ScnDense] Depth-map for image 203 estimated using  8 images: 960x540 (705ms)
20:59:07 [ScnDense] Reference image  25 paired with 8 views
20:59:08 [ScnDense] Depth-map for image  47 estimated using  8 images: 960x540 (799ms)
20:59:08 [ScnDense] Reference image 174 paired with 8 views
20:59:09 [ScnDense] Depth-map for image  25 estimated using  8 images: 960x540 (795ms)
20:59:09 [ScnDense] Reference image  14 paired with 8 views
20:59:09 [ScnDense] Depth-map for image 174 estimated using  8 images: 960x540 (843ms)
20:59:10 [ScnDense] Reference image  80 paired with 8 views
20:59:10 [ScnDense] Depth-map for image  14 estimated using  8 images: 960x540 (747ms)
20:59:10 [ScnDense] Reference image 184 paired with 8 views
20:59:11 [ScnDense] Depth-map for image  80 estimated using  8 images: 960x540 (752ms)
20:59:11 [ScnDense] Reference image  36 paired with 8 views
20:59:12 [ScnDense] Depth-map for image 184 estimated using  8 images: 960x540 (885ms)
20:59:12 [ScnDense] Reference image 144 paired with 8 views
20:59:13 [ScnDense] Depth-map for image  36 estimated using  8 images: 960x540 (776ms)
20:59:13 [ScnDense] Reference image 194 paired with 8 views
20:59:13 [ScnDense] Depth-map for image 144 estimated using  8 images: 960x540 (787ms)
20:59:14 [ScnDense] Reference image 234 paired with 8 views
20:59:14 [ScnDense] Depth-map for image 194 estimated using  8 images: 960x540 (819ms)
20:59:14 [ScnDense] Reference image  58 paired with 8 views
20:59:15 [ScnDense] Depth-map for image 234 estimated using  8 images: 960x540 (722ms)
20:59:15 [ScnDense] Reference image 244 paired with 8 views
20:59:16 [ScnDense] Depth-map for image  58 estimated using  8 images: 960x540 (866ms)
20:59:16 [ScnDense] Reference image 224 paired with 8 views
20:59:17 [ScnDense] Depth-map for image 244 estimated using  8 images: 960x540 (828ms)
20:59:17 [ScnDense] Reference image 102 paired with 8 views
20:59:18 [ScnDense] Depth-map for image 224 estimated using  8 images: 960x540 (833ms)
20:59:18 [ScnDense] Reference image 124 paired with 8 views
20:59:18 [ScnDense] Depth-map for image 102 estimated using  8 images: 960x540 (787ms)
20:59:18 [ScnDense] Reference image  69 paired with 8 views
20:59:19 [ScnDense] Depth-map for image 124 estimated using  8 images: 960x540 (789ms)
20:59:19 [ScnDense] Reference image  91 paired with 8 views
20:59:20 [ScnDense] Depth-map for image  69 estimated using  8 images: 960x540 (826ms)
20:59:20 [ScnDense] Reference image 134 paired with 8 views
20:59:21 [ScnDense] Depth-map for image  91 estimated using  8 images: 960x540 (831ms)
20:59:21 [ScnDense] Reference image 154 paired with 8 views
20:59:22 [ScnDense] Depth-map for image 134 estimated using  8 images: 960x540 (881ms)
20:59:22 [ScnDense] Reference image 164 paired with 8 views
20:59:23 [ScnDense] Depth-map for image 154 estimated using  8 images: 960x540 (844ms)
20:59:23 [ScnDense] Reference image 113 paired with 8 views
20:59:23 [ScnDense] Depth-map for image 164 estimated using  8 images: 960x540 (805ms)
20:59:23 [ScnDense] Reference image   3 paired with 8 views
20:59:24 [ScnDense] Depth-map for image 113 estimated using  8 images: 960x540 (801ms)
20:59:24 [ScnDense] Reference image 204 paired with 8 views
20:59:25 [ScnDense] Depth-map for image   3 estimated using  8 images: 960x540 (773ms)
20:59:25 [ScnDense] Reference image 214 paired with 8 views
20:59:26 [ScnDense] Depth-map for image 204 estimated using  8 images: 960x540 (733ms)
20:59:26 [ScnDense] Reference image  26 paired with 8 views
20:59:27 [ScnDense] Depth-map for image 214 estimated using  8 images: 960x540 (839ms)
20:59:27 [ScnDense] Reference image  48 paired with 8 views
20:59:27 [ScnDense] Depth-map for image  26 estimated using  8 images: 960x540 (775ms)
20:59:27 [ScnDense] Reference image 175 paired with 8 views
20:59:28 [ScnDense] Depth-map for image  48 estimated using  8 images: 960x540 (820ms)
20:59:28 [ScnDense] Reference image  81 paired with 8 views
20:59:29 [ScnDense] Depth-map for image 175 estimated using  8 images: 960x540 (871ms)
20:59:29 [ScnDense] Reference image 185 paired with 8 views
20:59:30 [ScnDense] Depth-map for image  81 estimated using  8 images: 960x540 (749ms)
20:59:30 [ScnDense] Reference image  15 paired with 8 views
20:59:31 [ScnDense] Depth-map for image 185 estimated using  8 images: 960x540 (860ms)
20:59:31 [ScnDense] Reference image  37 paired with 8 views
20:59:32 [ScnDense] Depth-map for image  15 estimated using  8 images: 960x540 (766ms)
20:59:32 [ScnDense] Reference image 145 paired with 8 views
20:59:32 [ScnDense] Depth-map for image  37 estimated using  8 images: 960x540 (806ms)
20:59:32 [ScnDense] Reference image 195 paired with 8 views
20:59:33 [ScnDense] Depth-map for image 145 estimated using  8 images: 960x540 (793ms)
20:59:33 [ScnDense] Reference image 245 paired with 8 views
20:59:34 [ScnDense] Depth-map for image 195 estimated using  8 images: 960x540 (822ms)
20:59:34 [ScnDense] Reference image  59 paired with 8 views
20:59:35 [ScnDense] Depth-map for image 245 estimated using  8 images: 960x540 (835ms)
20:59:35 [ScnDense] Reference image 235 paired with 8 views
20:59:36 [ScnDense] Depth-map for image  59 estimated using  8 images: 960x540 (873ms)
20:59:36 [ScnDense] Reference image 225 paired with 8 views
20:59:36 [ScnDense] Depth-map for image 235 estimated using  8 images: 960x540 (709ms)
20:59:37 [ScnDense] Reference image 155 paired with 8 views
20:59:37 [ScnDense] Depth-map for image 225 estimated using  8 images: 960x540 (821ms)
20:59:37 [ScnDense] Reference image 165 paired with 8 views
20:59:38 [ScnDense] Depth-map for image 155 estimated using  8 images: 960x540 (838ms)
20:59:38 [ScnDense] Reference image 125 paired with 8 views
20:59:39 [ScnDense] Depth-map for image 165 estimated using  8 images: 960x540 (826ms)
20:59:39 [ScnDense] Reference image 205 paired with 8 views
20:59:40 [ScnDense] Depth-map for image 125 estimated using  8 images: 960x540 (848ms)
20:59:40 [ScnDense] Reference image 103 paired with 8 views
20:59:41 [ScnDense] Depth-map for image 205 estimated using  8 images: 960x540 (745ms)
20:59:41 [ScnDense] Reference image  70 paired with 8 views
20:59:41 [ScnDense] Depth-map for image 103 estimated using  8 images: 960x540 (800ms)
20:59:41 [ScnDense] Reference image  92 paired with 8 views
20:59:42 [ScnDense] Depth-map for image  70 estimated using  8 images: 960x540 (825ms)
20:59:42 [ScnDense] Reference image 114 paired with 8 views
20:59:43 [ScnDense] Depth-map for image  92 estimated using  8 images: 960x540 (818ms)
20:59:43 [ScnDense] Reference image 135 paired with 8 views
20:59:44 [ScnDense] Depth-map for image 114 estimated using  8 images: 960x540 (750ms)
20:59:44 [ScnDense] Reference image   4 paired with 8 views
20:59:45 [ScnDense] Depth-map for image 135 estimated using  8 images: 960x540 (850ms)
20:59:45 [ScnDense] Reference image 215 paired with 8 views
20:59:46 [ScnDense] Depth-map for image   4 estimated using  8 images: 960x540 (795ms)
20:59:46 [ScnDense] Reference image  27 paired with 8 views
20:59:46 [ScnDense] Depth-map for image 215 estimated using  8 images: 960x540 (790ms)
20:59:46 [ScnDense] Reference image  49 paired with 8 views
20:59:47 [ScnDense] Depth-map for image  27 estimated using  8 images: 960x540 (834ms)
20:59:47 [ScnDense] Reference image  16 paired with 8 views
20:59:48 [ScnDense] Depth-map for image  49 estimated using  8 images: 960x540 (812ms)
20:59:48 [ScnDense] Reference image 186 paired with 8 views
20:59:49 [ScnDense] Depth-map for image  16 estimated using  8 images: 960x540 (772ms)
20:59:49 [ScnDense] Reference image  38 paired with 8 views
20:59:50 [ScnDense] Depth-map for image 186 estimated using  8 images: 960x540 (868ms)
20:59:50 [ScnDense] Reference image 176 paired with 8 views
20:59:50 [ScnDense] Depth-map for image  38 estimated using  8 images: 960x540 (789ms)
20:59:51 [ScnDense] Reference image 196 paired with 8 views
20:59:51 [ScnDense] Depth-map for image 176 estimated using  8 images: 960x540 (874ms)
20:59:51 [ScnDense] Reference image  82 paired with 8 views
20:59:52 [ScnDense] Depth-map for image 196 estimated using  8 images: 960x540 (812ms)
20:59:52 [ScnDense] Reference image  60 paired with 8 views
20:59:53 [ScnDense] Depth-map for image  82 estimated using  8 images: 960x540 (779ms)
20:59:53 [ScnDense] Reference image 146 paired with 8 views
20:59:54 [ScnDense] Depth-map for image  60 estimated using  8 images: 960x540 (804ms)
20:59:54 [ScnDense] Reference image 236 paired with 8 views
20:59:55 [ScnDense] Depth-map for image 146 estimated using  8 images: 960x540 (891ms)
20:59:55 [ScnDense] Reference image 246 paired with 8 views
20:59:56 [ScnDense] Depth-map for image 236 estimated using  8 images: 960x540 (817ms)
20:59:56 [ScnDense] Reference image 156 paired with 8 views
20:59:56 [ScnDense] Depth-map for image 246 estimated using  8 images: 960x540 (810ms)
20:59:56 [ScnDense] Reference image 226 paired with 8 views
20:59:57 [ScnDense] Depth-map for image 156 estimated using  8 images: 960x540 (841ms)
20:59:57 [ScnDense] Reference image 126 paired with 8 views
20:59:58 [ScnDense] Depth-map for image 226 estimated using  8 images: 960x540 (759ms)
20:59:58 [ScnDense] Reference image 206 paired with 8 views
20:59:59 [ScnDense] Depth-map for image 126 estimated using  8 images: 960x540 (848ms)
20:59:59 [ScnDense] Reference image 166 paired with 8 views
21:00:00 [ScnDense] Depth-map for image 206 estimated using  8 images: 960x540 (797ms)
21:00:00 [ScnDense] Reference image  71 paired with 8 views
21:00:00 [ScnDense] Depth-map for image 166 estimated using  8 images: 960x540 (833ms)
21:00:01 [ScnDense] Reference image 104 paired with 8 views
21:00:01 [ScnDense] Depth-map for image  71 estimated using  8 images: 960x540 (794ms)
21:00:01 [ScnDense] Reference image 115 paired with 8 views
21:00:02 [ScnDense] Depth-map for image 104 estimated using  8 images: 960x540 (803ms)
21:00:02 [ScnDense] Reference image  28 paired with 8 views
21:00:03 [ScnDense] Depth-map for image 115 estimated using  8 images: 960x540 (797ms)
21:00:03 [ScnDense] Reference image   5 paired with 8 views
21:00:04 [ScnDense] Depth-map for image  28 estimated using  8 images: 960x540 (888ms)
21:00:04 [ScnDense] Reference image  93 paired with 8 views
21:00:05 [ScnDense] Depth-map for image   5 estimated using  8 images: 960x540 (790ms)
21:00:05 [ScnDense] Reference image  50 paired with 8 views
21:00:05 [ScnDense] Depth-map for image  93 estimated using  8 images: 960x540 (814ms)
21:00:05 [ScnDense] Reference image  17 paired with 8 views
21:00:06 [ScnDense] Depth-map for image  50 estimated using  8 images: 960x540 (825ms)
21:00:06 [ScnDense] Reference image 187 paired with 8 views
21:00:07 [ScnDense] Depth-map for image  17 estimated using  8 images: 960x540 (776ms)
21:00:07 [ScnDense] Reference image 216 paired with 8 views
21:00:08 [ScnDense] Depth-map for image 187 estimated using  8 images: 960x540 (904ms)
21:00:08 [ScnDense] Reference image 197 paired with 8 views
21:00:09 [ScnDense] Depth-map for image 216 estimated using  8 images: 960x540 (704ms)
21:00:09 [ScnDense] Reference image 177 paired with 8 views
21:00:10 [ScnDense] Depth-map for image 197 estimated using  8 images: 960x540 (777ms)
21:00:10 [ScnDense] Reference image 136 paired with 8 views
21:00:11 [ScnDense] Depth-map for image 177 estimated using  8 images: 960x540 (895ms)
21:00:11 [ScnDense] Reference image  39 paired with 8 views
21:00:11 [ScnDense] Depth-map for image 136 estimated using  8 images: 960x540 (821ms)
21:00:11 [ScnDense] Reference image 147 paired with 8 views
21:00:12 [ScnDense] Depth-map for image  39 estimated using  8 images: 960x540 (808ms)
21:00:12 [ScnDense] Reference image  61 paired with 8 views
21:00:13 [ScnDense] Depth-map for image 147 estimated using  8 images: 960x540 (867ms)
21:00:13 [ScnDense] Reference image 237 paired with 8 views
21:00:14 [ScnDense] Depth-map for image  61 estimated using  8 images: 960x540 (864ms)
21:00:14 [ScnDense] Reference image 157 paired with 8 views
21:00:15 [ScnDense] Depth-map for image 237 estimated using  8 images: 960x540 (805ms)
21:00:15 [ScnDense] Reference image 247 paired with 8 views
21:00:16 [ScnDense] Depth-map for image 157 estimated using  8 images: 960x540 (853ms)
21:00:16 [ScnDense] Reference image 207 paired with 8 views
21:00:16 [ScnDense] Depth-map for image 247 estimated using  8 images: 960x540 (796ms)
21:00:16 [ScnDense] Reference image  83 paired with 8 views
21:00:17 [ScnDense] Depth-map for image 207 estimated using  8 images: 960x540 (843ms)
21:00:17 [ScnDense] Reference image 227 paired with 8 views
21:00:18 [ScnDense] Depth-map for image  83 estimated using  8 images: 960x540 (816ms)
21:00:18 [ScnDense] Reference image 167 paired with 8 views
21:00:19 [ScnDense] Depth-map for image 227 estimated using  8 images: 960x540 (770ms)
21:00:19 [ScnDense] Reference image 127 paired with 8 views
21:00:20 [ScnDense] Depth-map for image 167 estimated using  8 images: 960x540 (803ms)
21:00:20 [ScnDense] Reference image  72 paired with 8 views
21:00:21 [ScnDense] Depth-map for image 127 estimated using  8 images: 960x540 (849ms)
21:00:21 [ScnDense] Reference image  29 paired with 8 views
21:00:21 [ScnDense] Depth-map for image  72 estimated using  8 images: 960x540 (837ms)
21:00:21 [ScnDense] Reference image   6 paired with 8 views
21:00:22 [ScnDense] Depth-map for image  29 estimated using  8 images: 960x540 (841ms)
21:00:22 [ScnDense] Reference image 116 paired with 8 views
21:00:23 [ScnDense] Depth-map for image   6 estimated using  8 images: 960x540 (854ms)
21:00:23 [ScnDense] Reference image 105 paired with 8 views
21:00:24 [ScnDense] Depth-map for image 116 estimated using  8 images: 960x540 (802ms)
21:00:24 [ScnDense] Reference image  51 paired with 8 views
21:00:25 [ScnDense] Depth-map for image 105 estimated using  8 images: 960x540 (812ms)
21:00:25 [ScnDense] Reference image  18 paired with 8 views
21:00:26 [ScnDense] Depth-map for image  51 estimated using  8 images: 960x540 (798ms)
21:00:26 [ScnDense] Reference image  94 paired with 8 views
21:00:26 [ScnDense] Depth-map for image  18 estimated using  8 images: 960x540 (760ms)
21:00:26 [ScnDense] Reference image 217 paired with 8 views
21:00:27 [ScnDense] Depth-map for image  94 estimated using  8 images: 960x540 (815ms)
21:00:27 [ScnDense] Reference image 188 paired with 8 views
21:00:28 [ScnDense] Depth-map for image 217 estimated using  8 images: 960x540 (724ms)
21:00:28 [ScnDense] Reference image 137 paired with 8 views
21:00:29 [ScnDense] Depth-map for image 188 estimated using  8 images: 960x540 (906ms)
21:00:29 [ScnDense] Reference image  40 paired with 8 views
21:00:30 [ScnDense] Depth-map for image 137 estimated using  8 images: 960x540 (850ms)
21:00:30 [ScnDense] Reference image 178 paired with 8 views
21:00:31 [ScnDense] Depth-map for image  40 estimated using  8 images: 960x540 (791ms)
21:00:31 [ScnDense] Reference image 148 paired with 8 views
21:00:31 [ScnDense] Depth-map for image 178 estimated using  8 images: 960x540 (887ms)
21:00:31 [ScnDense] Reference image 238 paired with 8 views
21:00:32 [ScnDense] Depth-map for image 148 estimated using  8 images: 960x540 (776ms)
21:00:32 [ScnDense] Reference image 198 paired with 8 views
21:00:33 [ScnDense] Depth-map for image 238 estimated using  8 images: 960x540 (838ms)
21:00:33 [ScnDense] Reference image  62 paired with 8 views
21:00:34 [ScnDense] Depth-map for image 198 estimated using  8 images: 960x540 (809ms)
21:00:34 [ScnDense] Reference image 208 paired with 8 views
21:00:35 [ScnDense] Depth-map for image  62 estimated using  8 images: 960x540 (843ms)
21:00:35 [ScnDense] Reference image  84 paired with 8 views
21:00:36 [ScnDense] Depth-map for image 208 estimated using  8 images: 960x540 (880ms)
21:00:36 [ScnDense] Reference image 248 paired with 8 views
21:00:36 [ScnDense] Depth-map for image  84 estimated using  8 images: 960x540 (810ms)
21:00:36 [ScnDense] Reference image  73 paired with 8 views
21:00:37 [ScnDense] Depth-map for image 248 estimated using  8 images: 960x540 (775ms)
21:00:37 [ScnDense] Reference image 128 paired with 8 views
21:00:38 [ScnDense] Depth-map for image  73 estimated using  8 images: 960x540 (799ms)
21:00:38 [ScnDense] Reference image  30 paired with 8 views
21:00:39 [ScnDense] Depth-map for image 128 estimated using  8 images: 960x540 (818ms)
21:00:39 [ScnDense] Reference image 168 paired with 8 views
21:00:40 [ScnDense] Depth-map for image  30 estimated using  8 images: 960x540 (795ms)
21:00:40 [ScnDense] Reference image 158 paired with 8 views
21:00:41 [ScnDense] Depth-map for image 168 estimated using  8 images: 960x540 (833ms)
21:00:41 [ScnDense] Reference image 106 paired with 8 views
21:00:41 [ScnDense] Depth-map for image 158 estimated using  8 images: 960x540 (874ms)
21:00:41 [ScnDense] Reference image  19 paired with 8 views
21:00:42 [ScnDense] Depth-map for image 106 estimated using  8 images: 960x540 (741ms)
21:00:42 [ScnDense] Reference image 228 paired with 8 views
21:00:43 [ScnDense] Depth-map for image  19 estimated using  8 images: 960x540 (779ms)
21:00:43 [ScnDense] Reference image 117 paired with 8 views
21:00:44 [ScnDense] Depth-map for image 228 estimated using  8 images: 960x540 (799ms)
21:00:44 [ScnDense] Reference image  52 paired with 8 views
21:00:45 [ScnDense] Depth-map for image 117 estimated using  8 images: 960x540 (783ms)
21:00:45 [ScnDense] Reference image  95 paired with 8 views
21:00:45 [ScnDense] Depth-map for image  52 estimated using  8 images: 960x540 (839ms)
21:00:45 [ScnDense] Reference image 218 paired with 8 views
21:00:46 [ScnDense] Depth-map for image  95 estimated using  8 images: 960x540 (800ms)
21:00:46 [ScnDense] Reference image   7 paired with 8 views
21:00:47 [ScnDense] Depth-map for image 218 estimated using  8 images: 960x540 (725ms)
21:00:47 [ScnDense] Reference image 189 paired with 8 views
21:00:48 [ScnDense] Depth-map for image   7 estimated using  8 images: 960x540 (875ms)
21:00:48 [ScnDense] Reference image  41 paired with 8 views
21:00:49 [ScnDense] Depth-map for image 189 estimated using  8 images: 960x540 (867ms)
21:00:49 [ScnDense] Reference image 179 paired with 8 views
21:00:49 [ScnDense] Depth-map for image  41 estimated using  8 images: 960x540 (745ms)
21:00:50 [ScnDense] Reference image 199 paired with 8 views
21:00:50 [ScnDense] Depth-map for image 179 estimated using  8 images: 960x540 (875ms)
21:00:50 [ScnDense] Reference image 239 paired with 8 views
21:00:51 [ScnDense] Depth-map for image 199 estimated using  8 images: 960x540 (852ms)
21:00:51 [ScnDense] Reference image 209 paired with 8 views
21:00:52 [ScnDense] Depth-map for image 239 estimated using  8 images: 960x540 (840ms)
21:00:52 [ScnDense] Reference image  63 paired with 8 views
21:00:53 [ScnDense] Depth-map for image 209 estimated using  8 images: 960x540 (805ms)
21:00:53 [ScnDense] Reference image 138 paired with 8 views
21:00:54 [ScnDense] Depth-map for image  63 estimated using  8 images: 960x540 (814ms)
21:00:54 [ScnDense] Reference image 149 paired with 8 views
21:00:55 [ScnDense] Depth-map for image 138 estimated using  8 images: 960x540 (869ms)
21:00:55 [ScnDense] Reference image  31 paired with 8 views
21:00:56 [ScnDense] Depth-map for image 149 estimated using  8 images: 960x540 (799ms)
21:00:56 [ScnDense] Reference image  85 paired with 8 views
21:00:56 [ScnDense] Depth-map for image  31 estimated using  8 images: 960x540 (746ms)
21:00:56 [ScnDense] Reference image 129 paired with 8 views
21:00:57 [ScnDense] Depth-map for image  85 estimated using  8 images: 960x540 (778ms)
21:00:57 [ScnDense] Reference image  74 paired with 8 views
21:00:58 [ScnDense] Depth-map for image 129 estimated using  8 images: 960x540 (874ms)
21:00:58 [ScnDense] Reference image 249 paired with 8 views
21:00:59 [ScnDense] Depth-map for image  74 estimated using  8 images: 960x540 (819ms)
21:00:59 [ScnDense] Reference image 107 paired with 8 views
21:00:59 [ScnDense] Depth-map for image 249 estimated using  8 images: 960x540 (671ms)
21:01:00 [ScnDense] Reference image 169 paired with 8 views
21:01:00 [ScnDense] Depth-map for image 107 estimated using  8 images: 960x540 (838ms)
21:01:00 [ScnDense] Reference image  20 paired with 8 views
21:01:01 [ScnDense] Depth-map for image 169 estimated using  8 images: 960x540 (850ms)
21:01:01 [ScnDense] Reference image  53 paired with 8 views
21:01:02 [ScnDense] Depth-map for image  20 estimated using  8 images: 960x540 (821ms)
21:01:02 [ScnDense] Reference image 159 paired with 8 views
21:01:03 [ScnDense] Depth-map for image  53 estimated using  8 images: 960x540 (811ms)
21:01:03 [ScnDense] Reference image 229 paired with 8 views
21:01:04 [ScnDense] Depth-map for image 159 estimated using  8 images: 960x540 (856ms)
21:01:04 [ScnDense] Reference image 118 paired with 8 views
21:01:05 [ScnDense] Depth-map for image 229 estimated using  8 images: 960x540 (794ms)
21:01:05 [ScnDense] Reference image 190 paired with 8 views
21:01:05 [ScnDense] Depth-map for image 118 estimated using  8 images: 960x540 (770ms)
21:01:05 [ScnDense] Reference image  42 paired with 8 views
21:01:06 [ScnDense] Depth-map for image 190 estimated using  8 images: 960x540 (843ms)
21:01:06 [ScnDense] Reference image   8 paired with 8 views
21:01:07 [ScnDense] Depth-map for image  42 estimated using  8 images: 960x540 (727ms)
21:01:07 [ScnDense] Reference image  96 paired with 8 views
21:01:08 [ScnDense] Depth-map for image   8 estimated using  8 images: 960x540 (900ms)
21:01:08 [ScnDense] Reference image 200 paired with 8 views
21:01:09 [ScnDense] Depth-map for image  96 estimated using  8 images: 960x540 (769ms)
21:01:09 [ScnDense] Reference image 219 paired with 8 views
21:01:09 [ScnDense] Depth-map for image 200 estimated using  8 images: 960x540 (837ms)
21:01:09 [ScnDense] Reference image 240 paired with 8 views
21:01:10 [ScnDense] Depth-map for image 219 estimated using  8 images: 960x540 (718ms)
21:01:10 [ScnDense] Reference image 180 paired with 8 views
21:01:11 [ScnDense] Depth-map for image 240 estimated using  8 images: 960x540 (831ms)
21:01:11 [ScnDense] Reference image 210 paired with 8 views
21:01:12 [ScnDense] Depth-map for image 180 estimated using  8 images: 960x540 (836ms)
21:01:12 [ScnDense] Reference image  64 paired with 8 views
21:01:13 [ScnDense] Depth-map for image 210 estimated using  8 images: 960x540 (830ms)
21:01:13 [ScnDense] Reference image 139 paired with 8 views
21:01:14 [ScnDense] Depth-map for image  64 estimated using  8 images: 960x540 (831ms)
21:01:14 [ScnDense] Reference image  32 paired with 8 views
21:01:14 [ScnDense] Depth-map for image 139 estimated using  8 images: 960x540 (820ms)
21:01:14 [ScnDense] Reference image  86 paired with 8 views
21:01:15 [ScnDense] Depth-map for image  32 estimated using  8 images: 960x540 (840ms)
21:01:15 [ScnDense] Reference image 150 paired with 8 views
21:01:16 [ScnDense] Depth-map for image  86 estimated using  8 images: 960x540 (751ms)
21:01:16 [ScnDense] Reference image  75 paired with 8 views
21:01:17 [ScnDense] Depth-map for image 150 estimated using  8 images: 960x540 (792ms)
21:01:17 [ScnDense] Reference image 130 paired with 8 views
21:01:18 [ScnDense] Depth-map for image  75 estimated using  8 images: 960x540 (832ms)
21:01:18 [ScnDense] Reference image 250 paired with 8 views
21:01:18 [ScnDense] Depth-map for image 130 estimated using  8 images: 960x540 (840ms)
21:01:19 [ScnDense] Reference image  54 paired with 8 views
21:01:19 [ScnDense] Depth-map for image 250 estimated using  8 images: 960x540 (651ms)
21:01:19 [ScnDense] Reference image  21 paired with 8 views
21:01:20 [ScnDense] Depth-map for image  54 estimated using  8 images: 960x540 (850ms)
21:01:20 [ScnDense] Reference image 170 paired with 8 views
21:01:21 [ScnDense] Depth-map for image  21 estimated using  8 images: 960x540 (855ms)
21:01:21 [ScnDense] Reference image 230 paired with 8 views
21:01:22 [ScnDense] Depth-map for image 170 estimated using  8 images: 960x540 (816ms)
21:01:22 [ScnDense] Reference image 160 paired with 8 views
21:01:23 [ScnDense] Depth-map for image 230 estimated using  8 images: 960x540 (782ms)
21:01:23 [ScnDense] Reference image 108 paired with 8 views
21:01:23 [ScnDense] Depth-map for image 160 estimated using  8 images: 960x540 (830ms)
21:01:23 [ScnDense] Reference image 119 paired with 8 views
21:01:24 [ScnDense] Depth-map for image 108 estimated using  8 images: 960x540 (774ms)
21:01:24 [ScnDense] Reference image  43 paired with 8 views
21:01:25 [ScnDense] Depth-map for image 119 estimated using  8 images: 960x540 (845ms)
21:01:25 [ScnDense] Reference image   9 paired with 8 views
21:01:26 [ScnDense] Depth-map for image  43 estimated using  8 images: 960x540 (717ms)
21:01:26 [ScnDense] Reference image 220 paired with 8 views
21:01:27 [ScnDense] Depth-map for image   9 estimated using  8 images: 960x540 (894ms)
21:01:27 [ScnDense] Reference image  97 paired with 8 views
21:01:27 [ScnDense] Depth-map for image 220 estimated using  8 images: 960x540 (759ms)
21:01:27 [ScnDense] Reference image 140 paired with 8 views
21:01:28 [ScnDense] Depth-map for image  97 estimated using  8 images: 960x540 (792ms)
21:01:28 [ScnDense] Reference image  87 paired with 8 views
21:01:29 [ScnDense] Depth-map for image 140 estimated using  8 images: 960x540 (886ms)
21:01:29 [ScnDense] Reference image  65 paired with 8 views
21:01:30 [ScnDense] Depth-map for image  87 estimated using  8 images: 960x540 (734ms)
21:01:30 [ScnDense] Reference image  76 paired with 8 views
21:01:31 [ScnDense] Depth-map for image  65 estimated using  8 images: 960x540 (798ms)
21:01:31 [ScnDense] Reference image 109 paired with 8 views
21:01:32 [ScnDense] Depth-map for image  76 estimated using  8 images: 960x540 (851ms)
21:01:32 [ScnDense] Reference image  10 paired with 8 views
21:01:32 [ScnDense] Depth-map for image 109 estimated using  8 images: 960x540 (717ms)
21:01:32 [ScnDense] Reference image 120 paired with 8 views
21:01:33 [ScnDense] Depth-map for image  10 estimated using  8 images: 960x540 (810ms)
21:01:33 [ScnDense] Reference image  98 paired with 8 views
21:01:34 [ScnDense] Depth-map for image 120 estimated using  8 images: 960x540 (826ms)
21:01:35 [ScnDense] Depth-map for image  98 estimated using  8 images: 960x540 (758ms)
21:01:35 [ScnDense] Reference image   0 paired with 8 views
21:01:35 [ScnDense] Reference image  11 paired with 8 views
21:01:36 [ScnDense] Depth-map for image   0 estimated using  8 images: 960x540 (802ms)
21:01:36 [ScnDense] Reference image 121 paired with 8 views
21:01:37 [ScnDense] Depth-map for image  11 estimated using  8 images: 960x540 (754ms)
21:01:37 [ScnDense] Reference image  44 paired with 8 views
21:01:37 [ScnDense] Depth-map for image 121 estimated using  8 images: 960x540 (770ms)
21:01:38 [ScnDense] Reference image  55 paired with 8 views
21:01:38 [ScnDense] Depth-map for image  44 estimated using  8 images: 960x540 (777ms)
21:01:38 [ScnDense] Reference image  22 paired with 8 views
21:01:39 [ScnDense] Depth-map for image  55 estimated using  8 images: 960x540 (846ms)
21:01:39 [ScnDense] Reference image 131 paired with 8 views
21:01:40 [ScnDense] Depth-map for image  22 estimated using  8 images: 960x540 (856ms)
21:01:40 [ScnDense] Reference image  66 paired with 8 views
21:01:41 [ScnDense] Depth-map for image 131 estimated using  8 images: 960x540 (805ms)
21:01:41 [ScnDense] Reference image  33 paired with 8 views
21:01:42 [ScnDense] Depth-map for image  66 estimated using  8 images: 960x540 (764ms)
21:01:42 [ScnDense] Reference image 161 paired with 8 views
21:01:42 [ScnDense] Depth-map for image  33 estimated using  8 images: 960x540 (844ms)
21:01:42 [ScnDense] Reference image 151 paired with 8 views
21:01:43 [ScnDense] Depth-map for image 161 estimated using  8 images: 960x540 (837ms)
21:01:43 [ScnDense] Reference image  77 paired with 8 views
21:01:44 [ScnDense] Depth-map for image 151 estimated using  8 images: 960x540 (779ms)
21:01:44 [ScnDense] Reference image 171 paired with 8 views
21:01:45 [ScnDense] Depth-map for image  77 estimated using  8 images: 960x540 (808ms)
21:01:45 [ScnDense] Reference image  99 paired with 8 views
21:01:46 [ScnDense] Depth-map for image 171 estimated using  8 images: 960x540 (833ms)
21:01:46 [ScnDense] Reference image 191 paired with 8 views
21:01:47 [ScnDense] Depth-map for image  99 estimated using  8 images: 960x540 (804ms)
21:01:47 [ScnDense] Reference image 181 paired with 8 views
21:01:48 [ScnDense] Depth-map for image 191 estimated using  8 images: 960x540 (891ms)
21:01:48 [ScnDense] Reference image 110 paired with 8 views
21:01:48 [ScnDense] Depth-map for image 181 estimated using  8 images: 960x540 (820ms)
21:01:48 [ScnDense] Reference image 141 paired with 8 views
21:01:49 [ScnDense] Depth-map for image 110 estimated using  8 images: 960x540 (737ms)
21:01:49 [ScnDense] Reference image 241 paired with 8 views
21:01:50 [ScnDense] Depth-map for image 141 estimated using  8 images: 960x540 (886ms)
21:01:50 [ScnDense] Reference image 221 paired with 8 views
21:01:51 [ScnDense] Depth-map for image 241 estimated using  8 images: 960x540 (843ms)
21:01:51 [ScnDense] Reference image  88 paired with 8 views
21:01:52 [ScnDense] Depth-map for image 221 estimated using  8 images: 960x540 (787ms)
21:01:52 [ScnDense] Reference image 201 paired with 8 views
21:01:52 [ScnDense] Depth-map for image  88 estimated using  8 images: 960x540 (742ms)
21:01:52 [ScnDense] Reference image 211 paired with 8 views
21:01:53 [ScnDense] Depth-map for image 201 estimated using  8 images: 960x540 (791ms)
21:01:53 [ScnDense] Reference image 231 paired with 8 views
21:01:54 [ScnDense] Depth-map for image 211 estimated using  8 images: 960x540 (877ms)
21:01:54 [ScnDense] Reference image  45 paired with 8 views
21:01:55 [ScnDense] Depth-map for image 231 estimated using  8 images: 960x540 (828ms)
21:01:55 [ScnDense] Reference image  34 paired with 8 views
21:01:56 [ScnDense] Depth-map for image  45 estimated using  8 images: 960x540 (793ms)
21:01:56 [ScnDense] Reference image  23 paired with 8 views
21:01:57 [ScnDense] Depth-map for image  34 estimated using  8 images: 960x540 (857ms)
21:01:57 [ScnDense] Reference image 172 paired with 8 views
21:01:58 [ScnDense] Depth-map for image  23 estimated using  8 images: 960x540 (868ms)
21:01:58 [ScnDense] Reference image  12 paired with 8 views
21:01:58 [ScnDense] Depth-map for image 172 estimated using  8 images: 960x540 (859ms)
21:01:58 [ScnDense] Reference image 212 paired with 8 views
21:01:59 [ScnDense] Depth-map for image  12 estimated using  8 images: 960x540 (782ms)
21:01:59 [ScnDense] Reference image 142 paired with 8 views
21:02:00 [ScnDense] Depth-map for image 212 estimated using  8 images: 960x540 (875ms)
21:02:00 [ScnDense] Reference image 232 paired with 8 views
21:02:01 [ScnDense] Depth-map for image 142 estimated using  8 images: 960x540 (817ms)
21:02:01 [ScnDense] Reference image  78 paired with 8 views
21:02:02 [ScnDense] Depth-map for image 232 estimated using  8 images: 960x540 (774ms)
21:02:02 [ScnDense] Reference image 162 paired with 8 views
21:02:02 [ScnDense] Depth-map for image  78 estimated using  8 images: 960x540 (769ms)
21:02:02 [ScnDense] Reference image 122 paired with 8 views
21:02:03 [ScnDense] Depth-map for image 162 estimated using  8 images: 960x540 (886ms)
21:02:03 [ScnDense] Reference image  56 paired with 8 views
21:02:04 [ScnDense] Depth-map for image 122 estimated using  8 images: 960x540 (734ms)
21:02:04 [ScnDense] Reference image 202 paired with 8 views
21:02:05 [ScnDense] Depth-map for image  56 estimated using  8 images: 960x540 (861ms)
21:02:05 [ScnDense] Reference image 222 paired with 8 views
21:02:06 [ScnDense] Depth-map for image 202 estimated using  8 images: 960x540 (717ms)
21:02:06 [ScnDense] Reference image 100 paired with 8 views
21:02:07 [ScnDense] Depth-map for image 222 estimated using  8 images: 960x540 (868ms)
21:02:07 [ScnDense] Reference image 132 paired with 8 views
21:02:07 [ScnDense] Depth-map for image 100 estimated using  8 images: 960x540 (786ms)
21:02:07 [ScnDense] Reference image 242 paired with 8 views
21:02:08 [ScnDense] Depth-map for image 132 estimated using  8 images: 960x540 (867ms)
21:02:08 [ScnDense] Reference image   1 paired with 8 views
21:02:09 [ScnDense] Depth-map for image 242 estimated using  8 images: 960x540 (825ms)
21:02:09 [ScnDense] Reference image 192 paired with 8 views
21:02:10 [ScnDense] Depth-map for image   1 estimated using  8 images: 960x540 (824ms)
21:02:10 [ScnDense] Reference image 182 paired with 8 views
21:02:11 [ScnDense] Depth-map for image 192 estimated using  8 images: 960x540 (878ms)
21:02:11 [ScnDense] Reference image 152 paired with 8 views
21:02:12 [ScnDense] Depth-map for image 182 estimated using  8 images: 960x540 (871ms)
21:02:12 [ScnDense] Reference image 111 paired with 8 views
21:02:13 [ScnDense] Depth-map for image 152 estimated using  8 images: 960x540 (814ms)
21:02:13 [ScnDense] Reference image  89 paired with 8 views
21:02:13 [ScnDense] Depth-map for image 111 estimated using  8 images: 960x540 (768ms)
21:02:13 [ScnDense] Reference image  67 paired with 8 views
21:02:14 [ScnDense] Depth-map for image  89 estimated using  8 images: 960x540 (751ms)
21:02:14 [ScnDense] Reference image  46 paired with 8 views
21:02:15 [ScnDense] Depth-map for image  67 estimated using  8 images: 960x540 (771ms)
21:02:15 [ScnDense] Reference image  24 paired with 8 views
21:02:16 [ScnDense] Depth-map for image  46 estimated using  8 images: 960x540 (800ms)
21:02:16 [ScnDense] Reference image 143 paired with 8 views
21:02:17 [ScnDense] Depth-map for image  24 estimated using  8 images: 960x540 (793ms)
21:02:17 [ScnDense] Reference image  79 paired with 8 views
21:02:17 [ScnDense] Depth-map for image 143 estimated using  8 images: 960x540 (751ms)
21:02:17 [ScnDense] Reference image  13 paired with 8 views
21:02:18 [ScnDense] Depth-map for image  79 estimated using  8 images: 960x540 (763ms)
21:02:18 [ScnDense] Reference image 173 paired with 8 views
21:02:19 [ScnDense] Depth-map for image  13 estimated using  8 images: 960x540 (807ms)
21:02:19 [ScnDense] Reference image 183 paired with 8 views
21:02:20 [ScnDense] Depth-map for image 173 estimated using  8 images: 960x540 (848ms)
21:02:20 [ScnDense] Reference image  35 paired with 8 views
21:02:21 [ScnDense] Depth-map for image 183 estimated using  8 images: 960x540 (881ms)
21:02:21 [ScnDense] Reference image 233 paired with 8 views
21:02:22 [ScnDense] Depth-map for image  35 estimated using  8 images: 960x540 (828ms)
21:02:22 [ScnDense] Reference image 243 paired with 8 views
21:02:22 [ScnDense] Depth-map for image 233 estimated using  8 images: 960x540 (765ms)
21:02:22 [ScnDense] Reference image 153 paired with 8 views
21:02:23 [ScnDense] Depth-map for image 243 estimated using  8 images: 960x540 (820ms)
21:02:23 [ScnDense] Reference image 133 paired with 8 views
21:02:24 [ScnDense] Depth-map for image 153 estimated using  8 images: 960x540 (852ms)
21:02:24 [ScnDense] Reference image 193 paired with 8 views
21:02:25 [ScnDense] Depth-map for image 133 estimated using  8 images: 960x540 (930ms)
21:02:25 [ScnDense] Reference image 223 paired with 8 views
21:02:26 [ScnDense] Depth-map for image 193 estimated using  8 images: 960x540 (866ms)
21:02:26 [ScnDense] Reference image  57 paired with 8 views
21:02:27 [ScnDense] Depth-map for image 223 estimated using  8 images: 960x540 (839ms)
21:02:27 [ScnDense] Reference image 123 paired with 8 views
21:02:28 [ScnDense] Depth-map for image  57 estimated using  8 images: 960x540 (886ms)
21:02:28 [ScnDense] Reference image  68 paired with 8 views
21:02:28 [ScnDense] Depth-map for image 123 estimated using  8 images: 960x540 (767ms)
21:02:28 [ScnDense] Reference image 163 paired with 8 views
21:02:29 [ScnDense] Depth-map for image  68 estimated using  8 images: 960x540 (795ms)
21:02:29 [ScnDense] Reference image  90 paired with 8 views
21:02:30 [ScnDense] Depth-map for image 163 estimated using  8 images: 960x540 (840ms)
21:02:30 [ScnDense] Reference image 101 paired with 8 views
21:02:31 [ScnDense] Depth-map for image  90 estimated using  8 images: 960x540 (797ms)
21:02:31 [ScnDense] Reference image   2 paired with 8 views
21:02:32 [ScnDense] Depth-map for image 101 estimated using  8 images: 960x540 (789ms)
21:02:32 [ScnDense] Reference image 213 paired with 8 views
21:02:32 [ScnDense] Depth-map for image   2 estimated using  8 images: 960x540 (801ms)
21:02:32 [ScnDense] Reference image 112 paired with 8 views
21:02:33 [ScnDense] Depth-map for image 213 estimated using  8 images: 960x540 (862ms)
21:02:33 [ScnDense] Reference image 203 paired with 8 views
21:02:34 [ScnDense] Depth-map for image 112 estimated using  8 images: 960x540 (782ms)
21:02:34 [ScnDense] Reference image  47 paired with 8 views
21:02:35 [ScnDense] Depth-map for image 203 estimated using  8 images: 960x540 (702ms)
21:02:35 [ScnDense] Reference image  25 paired with 8 views
21:02:36 [ScnDense] Depth-map for image  47 estimated using  8 images: 960x540 (801ms)
21:02:36 [ScnDense] Reference image 174 paired with 8 views
21:02:36 [ScnDense] Depth-map for image  25 estimated using  8 images: 960x540 (809ms)
21:02:36 [ScnDense] Reference image  14 paired with 8 views
21:02:37 [ScnDense] Depth-map for image 174 estimated using  8 images: 960x540 (873ms)
21:02:37 [ScnDense] Reference image  80 paired with 8 views
21:02:38 [ScnDense] Depth-map for image  14 estimated using  8 images: 960x540 (719ms)
21:02:38 [ScnDense] Reference image 184 paired with 8 views
21:02:39 [ScnDense] Depth-map for image  80 estimated using  8 images: 960x540 (764ms)
21:02:39 [ScnDense] Reference image  36 paired with 8 views
21:02:40 [ScnDense] Depth-map for image 184 estimated using  8 images: 960x540 (887ms)
21:02:40 [ScnDense] Reference image 144 paired with 8 views
21:02:41 [ScnDense] Depth-map for image  36 estimated using  8 images: 960x540 (812ms)
21:02:41 [ScnDense] Reference image 194 paired with 8 views
21:02:41 [ScnDense] Depth-map for image 144 estimated using  8 images: 960x540 (741ms)
21:02:41 [ScnDense] Reference image 234 paired with 8 views
21:02:42 [ScnDense] Depth-map for image 194 estimated using  8 images: 960x540 (820ms)
21:02:42 [ScnDense] Reference image  58 paired with 8 views
21:02:43 [ScnDense] Depth-map for image 234 estimated using  8 images: 960x540 (756ms)
21:02:43 [ScnDense] Reference image 244 paired with 8 views
21:02:44 [ScnDense] Depth-map for image  58 estimated using  8 images: 960x540 (888ms)
21:02:44 [ScnDense] Reference image 224 paired with 8 views
21:02:45 [ScnDense] Depth-map for image 244 estimated using  8 images: 960x540 (811ms)
21:02:45 [ScnDense] Reference image 102 paired with 8 views
21:02:45 [ScnDense] Depth-map for image 224 estimated using  8 images: 960x540 (837ms)
21:02:46 [ScnDense] Reference image 124 paired with 8 views
21:02:46 [ScnDense] Depth-map for image 102 estimated using  8 images: 960x540 (783ms)
21:02:46 [ScnDense] Reference image  69 paired with 8 views
21:02:47 [ScnDense] Depth-map for image 124 estimated using  8 images: 960x540 (836ms)
21:02:47 [ScnDense] Reference image  91 paired with 8 views
21:02:48 [ScnDense] Depth-map for image  69 estimated using  8 images: 960x540 (797ms)
21:02:48 [ScnDense] Reference image 134 paired with 8 views
21:02:49 [ScnDense] Depth-map for image  91 estimated using  8 images: 960x540 (821ms)
21:02:49 [ScnDense] Reference image 154 paired with 8 views
21:02:50 [ScnDense] Depth-map for image 134 estimated using  8 images: 960x540 (881ms)
21:02:50 [ScnDense] Reference image 164 paired with 8 views
21:02:51 [ScnDense] Depth-map for image 154 estimated using  8 images: 960x540 (852ms)
21:02:51 [ScnDense] Reference image 113 paired with 8 views
21:02:51 [ScnDense] Depth-map for image 164 estimated using  8 images: 960x540 (834ms)
21:02:51 [ScnDense] Reference image   3 paired with 8 views
21:02:52 [ScnDense] Depth-map for image 113 estimated using  8 images: 960x540 (756ms)
21:02:52 [ScnDense] Reference image 204 paired with 8 views
21:02:53 [ScnDense] Depth-map for image   3 estimated using  8 images: 960x540 (767ms)
21:02:53 [ScnDense] Reference image 214 paired with 8 views
21:02:54 [ScnDense] Depth-map for image 204 estimated using  8 images: 960x540 (745ms)
21:02:54 [ScnDense] Reference image  26 paired with 8 views
21:02:55 [ScnDense] Depth-map for image 214 estimated using  8 images: 960x540 (877ms)
21:02:55 [ScnDense] Reference image  48 paired with 8 views
21:02:55 [ScnDense] Depth-map for image  26 estimated using  8 images: 960x540 (786ms)
21:02:55 [ScnDense] Reference image 175 paired with 8 views
21:02:56 [ScnDense] Depth-map for image  48 estimated using  8 images: 960x540 (817ms)
21:02:56 [ScnDense] Reference image  81 paired with 8 views
21:02:57 [ScnDense] Depth-map for image 175 estimated using  8 images: 960x540 (885ms)
21:02:57 [ScnDense] Reference image 185 paired with 8 views
21:02:58 [ScnDense] Depth-map for image  81 estimated using  8 images: 960x540 (781ms)
21:02:58 [ScnDense] Reference image  15 paired with 8 views
21:02:59 [ScnDense] Depth-map for image 185 estimated using  8 images: 960x540 (839ms)
21:02:59 [ScnDense] Reference image  37 paired with 8 views
21:03:00 [ScnDense] Depth-map for image  15 estimated using  8 images: 960x540 (775ms)
21:03:00 [ScnDense] Reference image 145 paired with 8 views
21:03:00 [ScnDense] Depth-map for image  37 estimated using  8 images: 960x540 (795ms)
21:03:00 [ScnDense] Reference image 195 paired with 8 views
21:03:01 [ScnDense] Depth-map for image 145 estimated using  8 images: 960x540 (828ms)
21:03:01 [ScnDense] Reference image 245 paired with 8 views
21:03:02 [ScnDense] Depth-map for image 195 estimated using  8 images: 960x540 (816ms)
21:03:02 [ScnDense] Reference image  59 paired with 8 views
21:03:03 [ScnDense] Depth-map for image 245 estimated using  8 images: 960x540 (826ms)
21:03:03 [ScnDense] Reference image 235 paired with 8 views
21:03:04 [ScnDense] Depth-map for image  59 estimated using  8 images: 960x540 (874ms)
21:03:04 [ScnDense] Reference image 225 paired with 8 views
21:03:04 [ScnDense] Depth-map for image 235 estimated using  8 images: 960x540 (716ms)
21:03:04 [ScnDense] Reference image 155 paired with 8 views
21:03:05 [ScnDense] Depth-map for image 225 estimated using  8 images: 960x540 (798ms)
21:03:05 [ScnDense] Reference image 165 paired with 8 views
21:03:06 [ScnDense] Depth-map for image 155 estimated using  8 images: 960x540 (848ms)
21:03:06 [ScnDense] Reference image 125 paired with 8 views
21:03:07 [ScnDense] Depth-map for image 165 estimated using  8 images: 960x540 (836ms)
21:03:07 [ScnDense] Reference image 205 paired with 8 views
21:03:08 [ScnDense] Depth-map for image 125 estimated using  8 images: 960x540 (870ms)
21:03:08 [ScnDense] Reference image 103 paired with 8 views
21:03:09 [ScnDense] Depth-map for image 205 estimated using  8 images: 960x540 (753ms)
21:03:09 [ScnDense] Reference image  70 paired with 8 views
21:03:09 [ScnDense] Depth-map for image 103 estimated using  8 images: 960x540 (770ms)
21:03:09 [ScnDense] Reference image  92 paired with 8 views
21:03:10 [ScnDense] Depth-map for image  70 estimated using  8 images: 960x540 (837ms)
21:03:10 [ScnDense] Reference image 114 paired with 8 views
21:03:11 [ScnDense] Depth-map for image  92 estimated using  8 images: 960x540 (826ms)
21:03:11 [ScnDense] Reference image 135 paired with 8 views
21:03:12 [ScnDense] Depth-map for image 114 estimated using  8 images: 960x540 (779ms)
21:03:12 [ScnDense] Reference image   4 paired with 8 views
21:03:13 [ScnDense] Depth-map for image 135 estimated using  8 images: 960x540 (816ms)
21:03:13 [ScnDense] Reference image 215 paired with 8 views
21:03:14 [ScnDense] Depth-map for image   4 estimated using  8 images: 960x540 (830ms)
21:03:14 [ScnDense] Reference image  27 paired with 8 views
21:03:14 [ScnDense] Depth-map for image 215 estimated using  8 images: 960x540 (778ms)
21:03:14 [ScnDense] Reference image  49 paired with 8 views
21:03:15 [ScnDense] Depth-map for image  27 estimated using  8 images: 960x540 (867ms)
21:03:15 [ScnDense] Reference image  16 paired with 8 views
21:03:16 [ScnDense] Depth-map for image  49 estimated using  8 images: 960x540 (791ms)
21:03:16 [ScnDense] Reference image 186 paired with 8 views
21:03:17 [ScnDense] Depth-map for image  16 estimated using  8 images: 960x540 (790ms)
21:03:17 [ScnDense] Reference image  38 paired with 8 views
21:03:18 [ScnDense] Depth-map for image 186 estimated using  8 images: 960x540 (858ms)
21:03:18 [ScnDense] Reference image 176 paired with 8 views
21:03:19 [ScnDense] Depth-map for image  38 estimated using  8 images: 960x540 (828ms)
21:03:19 [ScnDense] Reference image 196 paired with 8 views
21:03:19 [ScnDense] Depth-map for image 176 estimated using  8 images: 960x540 (870ms)
21:03:19 [ScnDense] Reference image  82 paired with 8 views
21:03:20 [ScnDense] Depth-map for image 196 estimated using  8 images: 960x540 (811ms)
21:03:20 [ScnDense] Reference image  60 paired with 8 views
21:03:21 [ScnDense] Depth-map for image  82 estimated using  8 images: 960x540 (781ms)
21:03:21 [ScnDense] Reference image 146 paired with 8 views
21:03:22 [ScnDense] Depth-map for image  60 estimated using  8 images: 960x540 (825ms)
21:03:22 [ScnDense] Reference image 236 paired with 8 views
21:03:23 [ScnDense] Depth-map for image 146 estimated using  8 images: 960x540 (874ms)
21:03:23 [ScnDense] Reference image 246 paired with 8 views
21:03:24 [ScnDense] Depth-map for image 236 estimated using  8 images: 960x540 (786ms)
21:03:24 [ScnDense] Reference image 156 paired with 8 views
21:03:24 [ScnDense] Depth-map for image 246 estimated using  8 images: 960x540 (827ms)
21:03:24 [ScnDense] Reference image 226 paired with 8 views
21:03:25 [ScnDense] Depth-map for image 156 estimated using  8 images: 960x540 (883ms)
21:03:25 [ScnDense] Reference image 126 paired with 8 views
21:03:26 [ScnDense] Depth-map for image 226 estimated using  8 images: 960x540 (786ms)
21:03:26 [ScnDense] Reference image 206 paired with 8 views
21:03:27 [ScnDense] Depth-map for image 126 estimated using  8 images: 960x540 (860ms)
21:03:27 [ScnDense] Reference image 166 paired with 8 views
21:03:28 [ScnDense] Depth-map for image 206 estimated using  8 images: 960x540 (755ms)
21:03:28 [ScnDense] Reference image  71 paired with 8 views
21:03:29 [ScnDense] Depth-map for image 166 estimated using  8 images: 960x540 (850ms)
21:03:29 [ScnDense] Reference image 104 paired with 8 views
21:03:29 [ScnDense] Depth-map for image  71 estimated using  8 images: 960x540 (810ms)
21:03:29 [ScnDense] Reference image 115 paired with 8 views
21:03:30 [ScnDense] Depth-map for image 104 estimated using  8 images: 960x540 (795ms)
21:03:30 [ScnDense] Reference image  28 paired with 8 views
21:03:31 [ScnDense] Depth-map for image 115 estimated using  8 images: 960x540 (767ms)
21:03:31 [ScnDense] Reference image   5 paired with 8 views
21:03:32 [ScnDense] Depth-map for image  28 estimated using  8 images: 960x540 (879ms)
21:03:32 [ScnDense] Reference image  93 paired with 8 views
21:03:33 [ScnDense] Depth-map for image   5 estimated using  8 images: 960x540 (809ms)
21:03:33 [ScnDense] Reference image  50 paired with 8 views
21:03:34 [ScnDense] Depth-map for image  93 estimated using  8 images: 960x540 (821ms)
21:03:34 [ScnDense] Reference image  17 paired with 8 views
21:03:34 [ScnDense] Depth-map for image  50 estimated using  8 images: 960x540 (803ms)
21:03:34 [ScnDense] Reference image 187 paired with 8 views
21:03:35 [ScnDense] Depth-map for image  17 estimated using  8 images: 960x540 (793ms)
21:03:35 [ScnDense] Reference image 216 paired with 8 views
21:03:36 [ScnDense] Depth-map for image 187 estimated using  8 images: 960x540 (907ms)
21:03:36 [ScnDense] Reference image 197 paired with 8 views
21:03:37 [ScnDense] Depth-map for image 216 estimated using  8 images: 960x540 (724ms)
21:03:37 [ScnDense] Reference image 177 paired with 8 views
21:03:38 [ScnDense] Depth-map for image 197 estimated using  8 images: 960x540 (792ms)
21:03:38 [ScnDense] Reference image 136 paired with 8 views
21:03:38 [ScnDense] Depth-map for image 177 estimated using  8 images: 960x540 (890ms)
21:03:39 [ScnDense] Reference image  39 paired with 8 views
21:03:39 [ScnDense] Depth-map for image 136 estimated using  8 images: 960x540 (818ms)
21:03:39 [ScnDense] Reference image 147 paired with 8 views
21:03:40 [ScnDense] Depth-map for image  39 estimated using  8 images: 960x540 (836ms)
21:03:40 [ScnDense] Reference image  61 paired with 8 views
21:03:41 [ScnDense] Depth-map for image 147 estimated using  8 images: 960x540 (863ms)
21:03:41 [ScnDense] Reference image 237 paired with 8 views
21:03:42 [ScnDense] Depth-map for image  61 estimated using  8 images: 960x540 (845ms)
21:03:42 [ScnDense] Reference image 157 paired with 8 views
21:03:43 [ScnDense] Depth-map for image 237 estimated using  8 images: 960x540 (813ms)
21:03:43 [ScnDense] Reference image 247 paired with 8 views
21:03:44 [ScnDense] Depth-map for image 157 estimated using  8 images: 960x540 (846ms)
21:03:44 [ScnDense] Reference image 207 paired with 8 views
21:03:45 [ScnDense] Depth-map for image 247 estimated using  8 images: 960x540 (804ms)
21:03:45 [ScnDense] Reference image  83 paired with 8 views
21:03:45 [ScnDense] Depth-map for image 207 estimated using  8 images: 960x540 (856ms)
21:03:45 [ScnDense] Reference image 227 paired with 8 views
21:03:46 [ScnDense] Depth-map for image  83 estimated using  8 images: 960x540 (806ms)
21:03:46 [ScnDense] Reference image 167 paired with 8 views
21:03:47 [ScnDense] Depth-map for image 227 estimated using  8 images: 960x540 (773ms)
21:03:47 [ScnDense] Reference image 127 paired with 8 views
21:03:48 [ScnDense] Depth-map for image 167 estimated using  8 images: 960x540 (827ms)
21:03:48 [ScnDense] Reference image  72 paired with 8 views
21:03:49 [ScnDense] Depth-map for image 127 estimated using  8 images: 960x540 (830ms)
21:03:49 [ScnDense] Reference image  29 paired with 8 views
21:03:49 [ScnDense] Depth-map for image  72 estimated using  8 images: 960x540 (813ms)
21:03:50 [ScnDense] Reference image   6 paired with 8 views
21:03:50 [ScnDense] Depth-map for image  29 estimated using  8 images: 960x540 (853ms)
21:03:50 [ScnDense] Reference image 116 paired with 8 views
21:03:51 [ScnDense] Depth-map for image   6 estimated using  8 images: 960x540 (847ms)
21:03:51 [ScnDense] Reference image 105 paired with 8 views
21:03:52 [ScnDense] Depth-map for image 116 estimated using  8 images: 960x540 (817ms)
21:03:52 [ScnDense] Reference image  51 paired with 8 views
21:03:53 [ScnDense] Depth-map for image 105 estimated using  8 images: 960x540 (756ms)
21:03:53 [ScnDense] Reference image  18 paired with 8 views
21:03:54 [ScnDense] Depth-map for image  51 estimated using  8 images: 960x540 (819ms)
21:03:54 [ScnDense] Reference image  94 paired with 8 views
21:03:54 [ScnDense] Depth-map for image  18 estimated using  8 images: 960x540 (758ms)
21:03:54 [ScnDense] Reference image 217 paired with 8 views
21:03:55 [ScnDense] Depth-map for image  94 estimated using  8 images: 960x540 (901ms)
21:03:55 [ScnDense] Reference image 188 paired with 8 views
21:03:56 [ScnDense] Depth-map for image 217 estimated using  8 images: 960x540 (757ms)
21:03:56 [ScnDense] Reference image 137 paired with 8 views
21:03:57 [ScnDense] Depth-map for image 188 estimated using  8 images: 960x540 (895ms)
21:03:57 [ScnDense] Reference image  40 paired with 8 views
21:03:58 [ScnDense] Depth-map for image 137 estimated using  8 images: 960x540 (835ms)
21:03:58 [ScnDense] Reference image 178 paired with 8 views
21:03:59 [ScnDense] Depth-map for image  40 estimated using  8 images: 960x540 (821ms)
21:03:59 [ScnDense] Reference image 148 paired with 8 views
21:04:00 [ScnDense] Depth-map for image 178 estimated using  8 images: 960x540 (884ms)
21:04:00 [ScnDense] Reference image 238 paired with 8 views
21:04:00 [ScnDense] Depth-map for image 148 estimated using  8 images: 960x540 (788ms)
21:04:00 [ScnDense] Reference image 198 paired with 8 views
21:04:01 [ScnDense] Depth-map for image 238 estimated using  8 images: 960x540 (838ms)
21:04:01 [ScnDense] Reference image  62 paired with 8 views
21:04:02 [ScnDense] Depth-map for image 198 estimated using  8 images: 960x540 (832ms)
21:04:02 [ScnDense] Reference image 208 paired with 8 views
21:04:03 [ScnDense] Depth-map for image  62 estimated using  8 images: 960x540 (869ms)
21:04:03 [ScnDense] Reference image  84 paired with 8 views
21:04:04 [ScnDense] Depth-map for image 208 estimated using  8 images: 960x540 (881ms)
21:04:04 [ScnDense] Reference image 248 paired with 8 views
21:04:05 [ScnDense] Depth-map for image  84 estimated using  8 images: 960x540 (813ms)
21:04:05 [ScnDense] Reference image  73 paired with 8 views
21:04:05 [ScnDense] Depth-map for image 248 estimated using  8 images: 960x540 (779ms)
21:04:05 [ScnDense] Reference image 128 paired with 8 views
21:04:06 [ScnDense] Depth-map for image  73 estimated using  8 images: 960x540 (847ms)
21:04:06 [ScnDense] Reference image  30 paired with 8 views
21:04:07 [ScnDense] Depth-map for image 128 estimated using  8 images: 960x540 (836ms)
21:04:07 [ScnDense] Reference image 168 paired with 8 views
21:04:08 [ScnDense] Depth-map for image  30 estimated using  8 images: 960x540 (773ms)
21:04:08 [ScnDense] Reference image 158 paired with 8 views
21:04:09 [ScnDense] Depth-map for image 168 estimated using  8 images: 960x540 (846ms)
21:04:09 [ScnDense] Reference image 106 paired with 8 views
21:04:10 [ScnDense] Depth-map for image 158 estimated using  8 images: 960x540 (880ms)
21:04:10 [ScnDense] Reference image  19 paired with 8 views
21:04:11 [ScnDense] Depth-map for image 106 estimated using  8 images: 960x540 (780ms)
21:04:11 [ScnDense] Reference image 228 paired with 8 views
21:04:11 [ScnDense] Depth-map for image  19 estimated using  8 images: 960x540 (778ms)
21:04:11 [ScnDense] Reference image 117 paired with 8 views
21:04:12 [ScnDense] Depth-map for image 228 estimated using  8 images: 960x540 (755ms)
21:04:12 [ScnDense] Reference image  52 paired with 8 views
21:04:13 [ScnDense] Depth-map for image 117 estimated using  8 images: 960x540 (807ms)
21:04:13 [ScnDense] Reference image  95 paired with 8 views
21:04:14 [ScnDense] Depth-map for image  52 estimated using  8 images: 960x540 (864ms)
21:04:14 [ScnDense] Reference image 218 paired with 8 views
21:04:15 [ScnDense] Depth-map for image  95 estimated using  8 images: 960x540 (811ms)
21:04:15 [ScnDense] Reference image   7 paired with 8 views
21:04:15 [ScnDense] Depth-map for image 218 estimated using  8 images: 960x540 (715ms)
21:04:15 [ScnDense] Reference image 189 paired with 8 views
21:04:16 [ScnDense] Depth-map for image   7 estimated using  8 images: 960x540 (883ms)
21:04:16 [ScnDense] Reference image  41 paired with 8 views
21:04:17 [ScnDense] Depth-map for image 189 estimated using  8 images: 960x540 (897ms)
21:04:17 [ScnDense] Reference image 179 paired with 8 views
21:04:18 [ScnDense] Depth-map for image  41 estimated using  8 images: 960x540 (750ms)
21:04:18 [ScnDense] Reference image 199 paired with 8 views
21:04:19 [ScnDense] Depth-map for image 179 estimated using  8 images: 960x540 (840ms)
21:04:19 [ScnDense] Reference image 239 paired with 8 views
21:04:20 [ScnDense] Depth-map for image 199 estimated using  8 images: 960x540 (866ms)
21:04:20 [ScnDense] Reference image 209 paired with 8 views
21:04:20 [ScnDense] Depth-map for image 239 estimated using  8 images: 960x540 (852ms)
21:04:20 [ScnDense] Reference image  63 paired with 8 views
21:04:21 [ScnDense] Depth-map for image 209 estimated using  8 images: 960x540 (858ms)
21:04:21 [ScnDense] Reference image 138 paired with 8 views
21:04:22 [ScnDense] Depth-map for image  63 estimated using  8 images: 960x540 (819ms)
21:04:22 [ScnDense] Reference image 149 paired with 8 views
21:04:23 [ScnDense] Depth-map for image 138 estimated using  8 images: 960x540 (810ms)
21:04:23 [ScnDense] Reference image  31 paired with 8 views
21:04:24 [ScnDense] Depth-map for image 149 estimated using  8 images: 960x540 (805ms)
21:04:24 [ScnDense] Reference image  85 paired with 8 views
21:04:25 [ScnDense] Depth-map for image  31 estimated using  8 images: 960x540 (782ms)
21:04:25 [ScnDense] Reference image 129 paired with 8 views
21:04:25 [ScnDense] Depth-map for image  85 estimated using  8 images: 960x540 (824ms)
21:04:25 [ScnDense] Reference image  74 paired with 8 views
21:04:26 [ScnDense] Depth-map for image 129 estimated using  8 images: 960x540 (828ms)
21:04:26 [ScnDense] Reference image 249 paired with 8 views
21:04:27 [ScnDense] Depth-map for image  74 estimated using  8 images: 960x540 (812ms)
21:04:27 [ScnDense] Reference image 107 paired with 8 views
21:04:28 [ScnDense] Depth-map for image 249 estimated using  8 images: 960x540 (723ms)
21:04:28 [ScnDense] Reference image 169 paired with 8 views
21:04:29 [ScnDense] Depth-map for image 107 estimated using  8 images: 960x540 (811ms)
21:04:29 [ScnDense] Reference image  20 paired with 8 views
21:04:30 [ScnDense] Depth-map for image 169 estimated using  8 images: 960x540 (828ms)
21:04:30 [ScnDense] Reference image  53 paired with 8 views
21:04:30 [ScnDense] Depth-map for image  20 estimated using  8 images: 960x540 (809ms)
21:04:30 [ScnDense] Reference image 159 paired with 8 views
21:04:31 [ScnDense] Depth-map for image  53 estimated using  8 images: 960x540 (842ms)
21:04:31 [ScnDense] Reference image 229 paired with 8 views
21:04:32 [ScnDense] Depth-map for image 159 estimated using  8 images: 960x540 (877ms)
21:04:32 [ScnDense] Reference image 118 paired with 8 views
21:04:33 [ScnDense] Depth-map for image 229 estimated using  8 images: 960x540 (754ms)
21:04:33 [ScnDense] Reference image 190 paired with 8 views
21:04:34 [ScnDense] Depth-map for image 118 estimated using  8 images: 960x540 (786ms)
21:04:34 [ScnDense] Reference image  42 paired with 8 views
21:04:35 [ScnDense] Depth-map for image 190 estimated using  8 images: 960x540 (879ms)
21:04:35 [ScnDense] Reference image   8 paired with 8 views
21:04:35 [ScnDense] Depth-map for image  42 estimated using  8 images: 960x540 (732ms)
21:04:35 [ScnDense] Reference image  96 paired with 8 views
21:04:36 [ScnDense] Depth-map for image   8 estimated using  8 images: 960x540 (893ms)
21:04:36 [ScnDense] Reference image 200 paired with 8 views
21:04:37 [ScnDense] Depth-map for image  96 estimated using  8 images: 960x540 (750ms)
21:04:37 [ScnDense] Reference image 219 paired with 8 views
21:04:38 [ScnDense] Depth-map for image 200 estimated using  8 images: 960x540 (873ms)
21:04:38 [ScnDense] Reference image 240 paired with 8 views
21:04:39 [ScnDense] Depth-map for image 219 estimated using  8 images: 960x540 (721ms)
21:04:39 [ScnDense] Reference image 180 paired with 8 views
21:04:39 [ScnDense] Depth-map for image 240 estimated using  8 images: 960x540 (810ms)
21:04:39 [ScnDense] Reference image 210 paired with 8 views
21:04:40 [ScnDense] Depth-map for image 180 estimated using  8 images: 960x540 (821ms)
21:04:40 [ScnDense] Reference image  64 paired with 8 views
21:04:41 [ScnDense] Depth-map for image 210 estimated using  8 images: 960x540 (859ms)
21:04:41 [ScnDense] Reference image 139 paired with 8 views
21:04:42 [ScnDense] Depth-map for image  64 estimated using  8 images: 960x540 (802ms)
21:04:42 [ScnDense] Reference image  32 paired with 8 views
21:04:43 [ScnDense] Depth-map for image 139 estimated using  8 images: 960x540 (820ms)
21:04:43 [ScnDense] Reference image  86 paired with 8 views
21:04:44 [ScnDense] Depth-map for image  32 estimated using  8 images: 960x540 (798ms)
21:04:44 [ScnDense] Reference image 150 paired with 8 views
21:04:44 [ScnDense] Depth-map for image  86 estimated using  8 images: 960x540 (763ms)
21:04:44 [ScnDense] Reference image  75 paired with 8 views
21:04:45 [ScnDense] Depth-map for image 150 estimated using  8 images: 960x540 (795ms)
21:04:45 [ScnDense] Reference image 130 paired with 8 views
21:04:46 [ScnDense] Depth-map for image  75 estimated using  8 images: 960x540 (832ms)
21:04:46 [ScnDense] Reference image 250 paired with 8 views
21:04:47 [ScnDense] Depth-map for image 130 estimated using  8 images: 960x540 (838ms)
21:04:47 [ScnDense] Reference image  54 paired with 8 views
21:04:48 [ScnDense] Depth-map for image 250 estimated using  8 images: 960x540 (685ms)
21:04:48 [ScnDense] Reference image  21 paired with 8 views
21:04:48 [ScnDense] Depth-map for image  54 estimated using  8 images: 960x540 (863ms)
21:04:48 [ScnDense] Reference image 170 paired with 8 views
21:04:49 [ScnDense] Depth-map for image  21 estimated using  8 images: 960x540 (848ms)
21:04:49 [ScnDense] Reference image 230 paired with 8 views
21:04:50 [ScnDense] Depth-map for image 170 estimated using  8 images: 960x540 (802ms)
21:04:50 [ScnDense] Reference image 160 paired with 8 views
21:04:51 [ScnDense] Depth-map for image 230 estimated using  8 images: 960x540 (820ms)
21:04:51 [ScnDense] Reference image 108 paired with 8 views
21:04:52 [ScnDense] Depth-map for image 160 estimated using  8 images: 960x540 (840ms)
21:04:52 [ScnDense] Reference image 119 paired with 8 views
21:04:53 [ScnDense] Depth-map for image 108 estimated using  8 images: 960x540 (787ms)
21:04:53 [ScnDense] Reference image  43 paired with 8 views
21:04:53 [ScnDense] Depth-map for image 119 estimated using  8 images: 960x540 (796ms)
21:04:53 [ScnDense] Reference image   9 paired with 8 views
21:04:54 [ScnDense] Depth-map for image  43 estimated using  8 images: 960x540 (735ms)
21:04:54 [ScnDense] Reference image 220 paired with 8 views
21:04:55 [ScnDense] Depth-map for image   9 estimated using  8 images: 960x540 (896ms)
21:04:55 [ScnDense] Reference image  97 paired with 8 views
21:04:56 [ScnDense] Depth-map for image 220 estimated using  8 images: 960x540 (764ms)
21:04:56 [ScnDense] Reference image 140 paired with 8 views
21:04:57 [ScnDense] Depth-map for image  97 estimated using  8 images: 960x540 (772ms)
21:04:57 [ScnDense] Reference image  87 paired with 8 views
21:04:57 [ScnDense] Depth-map for image 140 estimated using  8 images: 960x540 (901ms)
21:04:58 [ScnDense] Reference image  65 paired with 8 views
21:04:58 [ScnDense] Depth-map for image  87 estimated using  8 images: 960x540 (769ms)
21:04:58 [ScnDense] Reference image  76 paired with 8 views
21:04:59 [ScnDense] Depth-map for image  65 estimated using  8 images: 960x540 (803ms)
21:04:59 [ScnDense] Reference image 109 paired with 8 views
21:05:00 [ScnDense] Depth-map for image  76 estimated using  8 images: 960x540 (833ms)
21:05:00 [ScnDense] Reference image  10 paired with 8 views
21:05:01 [ScnDense] Depth-map for image 109 estimated using  8 images: 960x540 (729ms)
21:05:01 [ScnDense] Reference image 120 paired with 8 views
21:05:02 [ScnDense] Depth-map for image  10 estimated using  8 images: 960x540 (829ms)
21:05:02 [ScnDense] Reference image  98 paired with 8 views
21:05:02 [ScnDense] Depth-map for image 120 estimated using  8 images: 960x540 (814ms)
21:05:03 [ScnDense] Depth-map for image  98 estimated using  8 images: 960x540 (761ms)
21:05:03 [ScnDense] [NDRIFT] img   0: |R*R.t()-I|=5.440e-16  raw |n|: max-dev=1.192e-07 mean=1.540e-08 n>1e-4=0/492936  rot R.t()*n: max-dev=1.192e-07 mean=1.703e-08 n>1e-4=0 n>1e-2=0
21:05:05 [ScnDense] [NDRIFT] img   1: |R*R.t()-I|=7.902e-16  raw |n|: max-dev=1.192e-07 mean=1.561e-08 n>1e-4=0/494877  rot R.t()*n: max-dev=1.192e-07 mean=1.723e-08 n>1e-4=0 n>1e-2=0
21:05:05 [ScnDense] [NDRIFT] img   2: |R*R.t()-I|=3.165e-16  raw |n|: max-dev=2.384e-07 mean=1.562e-08 n>1e-4=0/490028  rot R.t()*n: max-dev=1.788e-07 mean=1.738e-08 n>1e-4=0 n>1e-2=0
21:05:06 [ScnDense] [NDRIFT] img   3: |R*R.t()-I|=3.237e-16  raw |n|: max-dev=1.192e-07 mean=1.563e-08 n>1e-4=0/480977  rot R.t()*n: max-dev=1.788e-07 mean=1.732e-08 n>1e-4=0 n>1e-2=0
21:05:06 [ScnDense] [NDRIFT] img   4: |R*R.t()-I|=6.967e-16  raw |n|: max-dev=1.192e-07 mean=1.556e-08 n>1e-4=0/488579  rot R.t()*n: max-dev=1.192e-07 mean=1.721e-08 n>1e-4=0 n>1e-2=0
21:05:07 [ScnDense] [NDRIFT] img   8: |R*R.t()-I|=4.140e-16  raw |n|: max-dev=1.192e-07 mean=1.458e-08 n>1e-4=0/492429  rot R.t()*n: max-dev=1.788e-07 mean=1.635e-08 n>1e-4=0 n>1e-2=0
21:05:07 [ScnDense] [NDRIFT] img 130: |R*R.t()-I|=5.042e-16  raw |n|: max-dev=1.192e-07 mean=1.572e-08 n>1e-4=0/499208  rot R.t()*n: max-dev=1.192e-07 mean=1.736e-08 n>1e-4=0 n>1e-2=0
21:05:07 [ScnDense] [NDRIFT] img 129: |R*R.t()-I|=5.342e-16  raw |n|: max-dev=1.192e-07 mean=1.597e-08 n>1e-4=0/499057  rot R.t()*n: max-dev=1.192e-07 mean=1.779e-08 n>1e-4=0 n>1e-2=0
21:05:07 [ScnDense] [NDRIFT] img 133: |R*R.t()-I|=1.174e-15  raw |n|: max-dev=1.192e-07 mean=1.502e-08 n>1e-4=0/498274  rot R.t()*n: max-dev=1.788e-07 mean=1.684e-08 n>1e-4=0 n>1e-2=0
21:05:08 [ScnDense] [NDRIFT] img 200: |R*R.t()-I|=5.510e-16  raw |n|: max-dev=1.192e-07 mean=1.592e-08 n>1e-4=0/498075  rot R.t()*n: max-dev=1.192e-07 mean=1.771e-08 n>1e-4=0 n>1e-2=0
21:05:08 [ScnDense] [NDRIFT] img 128: |R*R.t()-I|=3.557e-16  raw |n|: max-dev=1.192e-07 mean=1.615e-08 n>1e-4=0/499265  rot R.t()*n: max-dev=1.788e-07 mean=1.820e-08 n>1e-4=0 n>1e-2=0
21:05:08 [ScnDense] [NDRIFT] img 127: |R*R.t()-I|=6.404e-16  raw |n|: max-dev=1.192e-07 mean=1.563e-08 n>1e-4=0/499071  rot R.t()*n: max-dev=1.788e-07 mean=1.763e-08 n>1e-4=0 n>1e-2=0
21:05:08 [ScnDense] [NDRIFT] img 131: |R*R.t()-I|=3.331e-16  raw |n|: max-dev=1.192e-07 mean=1.569e-08 n>1e-4=0/497913  rot R.t()*n: max-dev=1.788e-07 mean=1.723e-08 n>1e-4=0 n>1e-2=0
21:05:08 [ScnDense] [NDRIFT] img   5: |R*R.t()-I|=5.404e-16  raw |n|: max-dev=1.192e-07 mean=1.553e-08 n>1e-4=0/493809  rot R.t()*n: max-dev=1.192e-07 mean=1.716e-08 n>1e-4=0 n>1e-2=0
21:05:08 [ScnDense] [NDRIFT] img   6: |R*R.t()-I|=8.671e-16  raw |n|: max-dev=1.788e-07 mean=1.509e-08 n>1e-4=0/494736  rot R.t()*n: max-dev=1.192e-07 mean=1.676e-08 n>1e-4=0 n>1e-2=0
21:05:09 [ScnDense] [NDRIFT] img   7: |R*R.t()-I|=2.831e-16  raw |n|: max-dev=1.192e-07 mean=1.500e-08 n>1e-4=0/494127  rot R.t()*n: max-dev=1.192e-07 mean=1.639e-08 n>1e-4=0 n>1e-2=0
21:05:09 [ScnDense] [NDRIFT] img 199: |R*R.t()-I|=4.744e-16  raw |n|: max-dev=2.384e-07 mean=1.561e-08 n>1e-4=0/496369  rot R.t()*n: max-dev=2.384e-07 mean=1.748e-08 n>1e-4=0 n>1e-2=0
21:05:09 [ScnDense] [NDRIFT] img 132: |R*R.t()-I|=6.300e-16  raw |n|: max-dev=1.192e-07 mean=1.567e-08 n>1e-4=0/497638  rot R.t()*n: max-dev=1.192e-07 mean=1.746e-08 n>1e-4=0 n>1e-2=0
21:05:09 [ScnDense] [NDRIFT] img 201: |R*R.t()-I|=6.287e-16  raw |n|: max-dev=1.192e-07 mean=1.556e-08 n>1e-4=0/493701  rot R.t()*n: max-dev=1.788e-07 mean=1.730e-08 n>1e-4=0 n>1e-2=0
21:05:09 [ScnDense] [NDRIFT] img 202: |R*R.t()-I|=6.381e-16  raw |n|: max-dev=1.192e-07 mean=1.580e-08 n>1e-4=0/496703  rot R.t()*n: max-dev=1.788e-07 mean=1.738e-08 n>1e-4=0 n>1e-2=0
21:05:09 [ScnDense] [NDRIFT] img 203: |R*R.t()-I|=3.284e-16  raw |n|: max-dev=1.192e-07 mean=1.581e-08 n>1e-4=0/495076  rot R.t()*n: max-dev=1.192e-07 mean=1.764e-08 n>1e-4=0 n>1e-2=0
21:05:09 [ScnDense] [NDRIFT] img 204: |R*R.t()-I|=3.624e-16  raw |n|: max-dev=1.192e-07 mean=1.567e-08 n>1e-4=0/491688  rot R.t()*n: max-dev=1.192e-07 mean=1.775e-08 n>1e-4=0 n>1e-2=0
21:05:10 [ScnDense] [NDRIFT] img 205: |R*R.t()-I|=4.079e-16  raw |n|: max-dev=1.192e-07 mean=1.547e-08 n>1e-4=0/493193  rot R.t()*n: max-dev=1.192e-07 mean=1.708e-08 n>1e-4=0 n>1e-2=0
21:05:10 [ScnDense] [NDRIFT] img   9: |R*R.t()-I|=5.995e-16  raw |n|: max-dev=1.192e-07 mean=1.419e-08 n>1e-4=0/491435  rot R.t()*n: max-dev=1.192e-07 mean=1.593e-08 n>1e-4=0 n>1e-2=0
21:05:10 [ScnDense] [NDRIFT] img  10: |R*R.t()-I|=3.866e-16  raw |n|: max-dev=2.384e-07 mean=1.419e-08 n>1e-4=0/491314  rot R.t()*n: max-dev=1.788e-07 mean=1.618e-08 n>1e-4=0 n>1e-2=0
21:05:10 [ScnDense] [NDRIFT] img 134: |R*R.t()-I|=8.346e-16  raw |n|: max-dev=1.192e-07 mean=1.482e-08 n>1e-4=0/494856  rot R.t()*n: max-dev=1.192e-07 mean=1.686e-08 n>1e-4=0 n>1e-2=0
21:05:11 [ScnDense] [NDRIFT] img 198: |R*R.t()-I|=6.285e-16  raw |n|: max-dev=1.192e-07 mean=1.554e-08 n>1e-4=0/493559  rot R.t()*n: max-dev=1.192e-07 mean=1.756e-08 n>1e-4=0 n>1e-2=0
21:05:11 [ScnDense] [NDRIFT] img 196: |R*R.t()-I|=3.204e-16  raw |n|: max-dev=1.192e-07 mean=1.558e-08 n>1e-4=0/493285  rot R.t()*n: max-dev=1.192e-07 mean=1.752e-08 n>1e-4=0 n>1e-2=0
21:05:11 [ScnDense] [NDRIFT] img 195: |R*R.t()-I|=4.613e-16  raw |n|: max-dev=1.192e-07 mean=1.591e-08 n>1e-4=0/490792  rot R.t()*n: max-dev=1.192e-07 mean=1.780e-08 n>1e-4=0 n>1e-2=0
21:05:11 [ScnDense] [NDRIFT] img 194: |R*R.t()-I|=3.385e-16  raw |n|: max-dev=1.192e-07 mean=1.516e-08 n>1e-4=0/490807  rot R.t()*n: max-dev=1.192e-07 mean=1.732e-08 n>1e-4=0 n>1e-2=0
21:05:12 [ScnDense] [NDRIFT] img 126: |R*R.t()-I|=3.172e-16  raw |n|: max-dev=1.192e-07 mean=1.618e-08 n>1e-4=0/498615  rot R.t()*n: max-dev=1.192e-07 mean=1.802e-08 n>1e-4=0 n>1e-2=0
21:05:12 [ScnDense] [NDRIFT] img 197: |R*R.t()-I|=3.145e-16  raw |n|: max-dev=1.192e-07 mean=1.533e-08 n>1e-4=0/494789  rot R.t()*n: max-dev=1.788e-07 mean=1.728e-08 n>1e-4=0 n>1e-2=0
21:05:12 [ScnDense] [NDRIFT] img 125: |R*R.t()-I|=6.881e-16  raw |n|: max-dev=1.192e-07 mean=1.609e-08 n>1e-4=0/499032  rot R.t()*n: max-dev=1.192e-07 mean=1.779e-08 n>1e-4=0 n>1e-2=0
21:05:12 [ScnDense] [NDRIFT] img 193: |R*R.t()-I|=7.554e-16  raw |n|: max-dev=1.192e-07 mean=1.470e-08 n>1e-4=0/491326  rot R.t()*n: max-dev=1.192e-07 mean=1.715e-08 n>1e-4=0 n>1e-2=0
21:05:13 [ScnDense] [NDRIFT] img 192: |R*R.t()-I|=3.124e-16  raw |n|: max-dev=1.192e-07 mean=1.455e-08 n>1e-4=0/492429  rot R.t()*n: max-dev=1.192e-07 mean=1.703e-08 n>1e-4=0 n>1e-2=0
21:05:13 [ScnDense] [NDRIFT] img 124: |R*R.t()-I|=4.233e-16  raw |n|: max-dev=1.192e-07 mean=1.607e-08 n>1e-4=0/497978  rot R.t()*n: max-dev=1.192e-07 mean=1.798e-08 n>1e-4=0 n>1e-2=0
21:05:13 [ScnDense] [NDRIFT] img 191: |R*R.t()-I|=6.621e-16  raw |n|: max-dev=1.192e-07 mean=1.446e-08 n>1e-4=0/495791  rot R.t()*n: max-dev=1.192e-07 mean=1.699e-08 n>1e-4=0 n>1e-2=0
21:05:13 [ScnDense] [NDRIFT] img 123: |R*R.t()-I|=7.553e-16  raw |n|: max-dev=1.192e-07 mean=1.580e-08 n>1e-4=0/497788  rot R.t()*n: max-dev=1.192e-07 mean=1.755e-08 n>1e-4=0 n>1e-2=0
21:05:14 [ScnDense] [NDRIFT] img 190: |R*R.t()-I|=2.288e-16  raw |n|: max-dev=1.192e-07 mean=1.449e-08 n>1e-4=0/497128  rot R.t()*n: max-dev=1.192e-07 mean=1.699e-08 n>1e-4=0 n>1e-2=0
21:05:14 [ScnDense] [NDRIFT] img 135: |R*R.t()-I|=7.375e-16  raw |n|: max-dev=1.192e-07 mean=1.446e-08 n>1e-4=0/494917  rot R.t()*n: max-dev=1.192e-07 mean=1.670e-08 n>1e-4=0 n>1e-2=0
21:05:14 [ScnDense] [NDRIFT] img  11: |R*R.t()-I|=5.073e-16  raw |n|: max-dev=1.192e-07 mean=1.426e-08 n>1e-4=0/488674  rot R.t()*n: max-dev=1.192e-07 mean=1.642e-08 n>1e-4=0 n>1e-2=0
21:05:15 [ScnDense] [NDRIFT] img 136: |R*R.t()-I|=5.940e-16  raw |n|: max-dev=2.384e-07 mean=1.449e-08 n>1e-4=0/496044  rot R.t()*n: max-dev=2.384e-07 mean=1.649e-08 n>1e-4=0 n>1e-2=0
21:05:15 [ScnDense] [NDRIFT] img  12: |R*R.t()-I|=4.140e-16  raw |n|: max-dev=2.384e-07 mean=1.451e-08 n>1e-4=0/489276  rot R.t()*n: max-dev=2.384e-07 mean=1.655e-08 n>1e-4=0 n>1e-2=0
21:05:15 [ScnDense] [NDRIFT] img  13: |R*R.t()-I|=2.748e-16  raw |n|: max-dev=1.192e-07 mean=1.407e-08 n>1e-4=0/491487  rot R.t()*n: max-dev=1.192e-07 mean=1.615e-08 n>1e-4=0 n>1e-2=0
21:05:15 [ScnDense] [NDRIFT] img 137: |R*R.t()-I|=6.845e-16  raw |n|: max-dev=1.192e-07 mean=1.492e-08 n>1e-4=0/495352  rot R.t()*n: max-dev=1.192e-07 mean=1.694e-08 n>1e-4=0 n>1e-2=0
21:05:16 [ScnDense] [NDRIFT] img 122: |R*R.t()-I|=6.397e-16  raw |n|: max-dev=1.192e-07 mean=1.574e-08 n>1e-4=0/496627  rot R.t()*n: max-dev=1.788e-07 mean=1.710e-08 n>1e-4=0 n>1e-2=0
21:05:16 [ScnDense] [NDRIFT] img 121: |R*R.t()-I|=6.911e-16  raw |n|: max-dev=1.192e-07 mean=1.573e-08 n>1e-4=0/490667  rot R.t()*n: max-dev=1.192e-07 mean=1.673e-08 n>1e-4=0 n>1e-2=0
21:05:17 [ScnDense] [NDRIFT] img 188: |R*R.t()-I|=2.451e-16  raw |n|: max-dev=1.192e-07 mean=1.499e-08 n>1e-4=0/496690  rot R.t()*n: max-dev=1.192e-07 mean=1.656e-08 n>1e-4=0 n>1e-2=0
21:05:17 [ScnDense] [NDRIFT] img 189: |R*R.t()-I|=6.461e-16  raw |n|: max-dev=1.192e-07 mean=1.438e-08 n>1e-4=0/496853  rot R.t()*n: max-dev=1.192e-07 mean=1.662e-08 n>1e-4=0 n>1e-2=0
21:05:17 [ScnDense] [NDRIFT] img 120: |R*R.t()-I|=1.755e-16  raw |n|: max-dev=1.192e-07 mean=1.581e-08 n>1e-4=0/485571  rot R.t()*n: max-dev=1.192e-07 mean=1.684e-08 n>1e-4=0 n>1e-2=0
21:05:17 [ScnDense] [NDRIFT] img 187: |R*R.t()-I|=1.021e-15  raw |n|: max-dev=1.192e-07 mean=1.551e-08 n>1e-4=0/494974  rot R.t()*n: max-dev=1.788e-07 mean=1.683e-08 n>1e-4=0 n>1e-2=0
21:05:17 [ScnDense] [NDRIFT] img 119: |R*R.t()-I|=8.485e-16  raw |n|: max-dev=1.192e-07 mean=1.593e-08 n>1e-4=0/482470  rot R.t()*n: max-dev=1.192e-07 mean=1.660e-08 n>1e-4=0 n>1e-2=0
21:05:18 [ScnDense] [NDRIFT] img 118: |R*R.t()-I|=8.707e-16  raw |n|: max-dev=1.192e-07 mean=1.548e-08 n>1e-4=0/473718  rot R.t()*n: max-dev=1.192e-07 mean=1.664e-08 n>1e-4=0 n>1e-2=0
21:05:18 [ScnDense] [NDRIFT] img 116: |R*R.t()-I|=1.199e-15  raw |n|: max-dev=1.192e-07 mean=1.596e-08 n>1e-4=0/480108  rot R.t()*n: max-dev=1.192e-07 mean=1.666e-08 n>1e-4=0 n>1e-2=0
21:05:18 [ScnDense] [NDRIFT] img 117: |R*R.t()-I|=7.938e-16  raw |n|: max-dev=1.192e-07 mean=1.582e-08 n>1e-4=0/476475  rot R.t()*n: max-dev=1.192e-07 mean=1.684e-08 n>1e-4=0 n>1e-2=0
21:05:18 [ScnDense] [NDRIFT] img 186: |R*R.t()-I|=4.682e-16  raw |n|: max-dev=2.384e-07 mean=1.507e-08 n>1e-4=0/493419  rot R.t()*n: max-dev=2.384e-07 mean=1.658e-08 n>1e-4=0 n>1e-2=0
21:05:18 [ScnDense] [NDRIFT] img 185: |R*R.t()-I|=5.641e-16  raw |n|: max-dev=1.192e-07 mean=1.517e-08 n>1e-4=0/493505  rot R.t()*n: max-dev=1.192e-07 mean=1.663e-08 n>1e-4=0 n>1e-2=0
21:05:19 [ScnDense] [NDRIFT] img 115: |R*R.t()-I|=7.502e-16  raw |n|: max-dev=1.192e-07 mean=1.582e-08 n>1e-4=0/479462  rot R.t()*n: max-dev=1.192e-07 mean=1.652e-08 n>1e-4=0 n>1e-2=0
21:05:19 [ScnDense] [NDRIFT] img 114: |R*R.t()-I|=5.396e-16  raw |n|: max-dev=1.192e-07 mean=1.589e-08 n>1e-4=0/484270  rot R.t()*n: max-dev=1.192e-07 mean=1.686e-08 n>1e-4=0 n>1e-2=0
21:05:19 [ScnDense] [NDRIFT] img 184: |R*R.t()-I|=4.003e-16  raw |n|: max-dev=1.192e-07 mean=1.537e-08 n>1e-4=0/492428  rot R.t()*n: max-dev=1.192e-07 mean=1.722e-08 n>1e-4=0 n>1e-2=0
21:05:19 [ScnDense] [NDRIFT] img 113: |R*R.t()-I|=3.313e-16  raw |n|: max-dev=1.192e-07 mean=1.575e-08 n>1e-4=0/480934  rot R.t()*n: max-dev=1.192e-07 mean=1.728e-08 n>1e-4=0 n>1e-2=0
21:05:20 [ScnDense] [NDRIFT] img 183: |R*R.t()-I|=3.219e-16  raw |n|: max-dev=1.192e-07 mean=1.532e-08 n>1e-4=0/487805  rot R.t()*n: max-dev=1.192e-07 mean=1.706e-08 n>1e-4=0 n>1e-2=0
21:05:20 [ScnDense] [NDRIFT] img 112: |R*R.t()-I|=3.866e-16  raw |n|: max-dev=1.192e-07 mean=1.574e-08 n>1e-4=0/477429  rot R.t()*n: max-dev=1.192e-07 mean=1.741e-08 n>1e-4=0 n>1e-2=0
21:05:20 [ScnDense] [NDRIFT] img 182: |R*R.t()-I|=4.775e-16  raw |n|: max-dev=1.192e-07 mean=1.517e-08 n>1e-4=0/480695  rot R.t()*n: max-dev=1.192e-07 mean=1.726e-08 n>1e-4=0 n>1e-2=0
21:05:20 [ScnDense] [NDRIFT] img 111: |R*R.t()-I|=3.195e-16  raw |n|: max-dev=1.192e-07 mean=1.537e-08 n>1e-4=0/472336  rot R.t()*n: max-dev=1.192e-07 mean=1.759e-08 n>1e-4=0 n>1e-2=0
21:05:21 [ScnDense] [NDRIFT] img 181: |R*R.t()-I|=5.207e-16  raw |n|: max-dev=1.192e-07 mean=1.513e-08 n>1e-4=0/477319  rot R.t()*n: max-dev=1.192e-07 mean=1.747e-08 n>1e-4=0 n>1e-2=0
21:05:21 [ScnDense] [NDRIFT] img 110: |R*R.t()-I|=4.154e-16  raw |n|: max-dev=1.788e-07 mean=1.516e-08 n>1e-4=0/461897  rot R.t()*n: max-dev=1.788e-07 mean=1.757e-08 n>1e-4=0 n>1e-2=0
21:05:21 [ScnDense] [NDRIFT] img 109: |R*R.t()-I|=2.382e-16  raw |n|: max-dev=1.192e-07 mean=1.495e-08 n>1e-4=0/463525  rot R.t()*n: max-dev=1.192e-07 mean=1.762e-08 n>1e-4=0 n>1e-2=0
21:05:21 [ScnDense] [NDRIFT] img 180: |R*R.t()-I|=4.507e-16  raw |n|: max-dev=1.192e-07 mean=1.473e-08 n>1e-4=0/477227  rot R.t()*n: max-dev=1.192e-07 mean=1.738e-08 n>1e-4=0 n>1e-2=0
21:05:22 [ScnDense] [NDRIFT] img 179: |R*R.t()-I|=2.811e-16  raw |n|: max-dev=1.192e-07 mean=1.463e-08 n>1e-4=0/478799  rot R.t()*n: max-dev=1.192e-07 mean=1.734e-08 n>1e-4=0 n>1e-2=0
21:05:22 [ScnDense] [NDRIFT] img 108: |R*R.t()-I|=3.782e-16  raw |n|: max-dev=1.192e-07 mean=1.529e-08 n>1e-4=0/465230  rot R.t()*n: max-dev=1.192e-07 mean=1.778e-08 n>1e-4=0 n>1e-2=0
21:05:22 [ScnDense] [NDRIFT] img 107: |R*R.t()-I|=4.328e-16  raw |n|: max-dev=1.192e-07 mean=1.506e-08 n>1e-4=0/467184  rot R.t()*n: max-dev=1.192e-07 mean=1.736e-08 n>1e-4=0 n>1e-2=0
21:05:22 [ScnDense] [NDRIFT] img 178: |R*R.t()-I|=4.459e-16  raw |n|: max-dev=1.192e-07 mean=1.429e-08 n>1e-4=0/481099  rot R.t()*n: max-dev=1.192e-07 mean=1.681e-08 n>1e-4=0 n>1e-2=0
21:05:23 [ScnDense] [NDRIFT] img 106: |R*R.t()-I|=7.876e-16  raw |n|: max-dev=1.192e-07 mean=1.519e-08 n>1e-4=0/458534  rot R.t()*n: max-dev=1.192e-07 mean=1.745e-08 n>1e-4=0 n>1e-2=0
21:05:23 [ScnDense] [NDRIFT] img 105: |R*R.t()-I|=4.855e-16  raw |n|: max-dev=1.192e-07 mean=1.527e-08 n>1e-4=0/454394  rot R.t()*n: max-dev=1.192e-07 mean=1.716e-08 n>1e-4=0 n>1e-2=0
21:05:23 [ScnDense] [NDRIFT] img 177: |R*R.t()-I|=8.075e-16  raw |n|: max-dev=1.192e-07 mean=1.434e-08 n>1e-4=0/478794  rot R.t()*n: max-dev=1.192e-07 mean=1.673e-08 n>1e-4=0 n>1e-2=0
21:05:23 [ScnDense] [NDRIFT] img 104: |R*R.t()-I|=1.119e-15  raw |n|: max-dev=1.192e-07 mean=1.517e-08 n>1e-4=0/454121  rot R.t()*n: max-dev=1.192e-07 mean=1.712e-08 n>1e-4=0 n>1e-2=0
21:05:23 [ScnDense] [NDRIFT] img 103: |R*R.t()-I|=3.066e-16  raw |n|: max-dev=1.192e-07 mean=1.539e-08 n>1e-4=0/462054  rot R.t()*n: max-dev=1.192e-07 mean=1.702e-08 n>1e-4=0 n>1e-2=0
21:05:24 [ScnDense] [NDRIFT] img 176: |R*R.t()-I|=2.755e-16  raw |n|: max-dev=1.192e-07 mean=1.452e-08 n>1e-4=0/475838  rot R.t()*n: max-dev=1.192e-07 mean=1.686e-08 n>1e-4=0 n>1e-2=0
21:05:24 [ScnDense] [NDRIFT] img 102: |R*R.t()-I|=5.551e-16  raw |n|: max-dev=1.192e-07 mean=1.544e-08 n>1e-4=0/463032  rot R.t()*n: max-dev=1.192e-07 mean=1.685e-08 n>1e-4=0 n>1e-2=0
21:05:24 [ScnDense] [NDRIFT] img 175: |R*R.t()-I|=6.020e-16  raw |n|: max-dev=1.192e-07 mean=1.425e-08 n>1e-4=0/475220  rot R.t()*n: max-dev=1.192e-07 mean=1.660e-08 n>1e-4=0 n>1e-2=0
21:05:24 [ScnDense] [NDRIFT] img 101: |R*R.t()-I|=3.066e-16  raw |n|: max-dev=1.192e-07 mean=1.523e-08 n>1e-4=0/463594  rot R.t()*n: max-dev=1.192e-07 mean=1.653e-08 n>1e-4=0 n>1e-2=0
21:05:25 [ScnDense] [NDRIFT] img 174: |R*R.t()-I|=1.112e-15  raw |n|: max-dev=1.192e-07 mean=1.434e-08 n>1e-4=0/472016  rot R.t()*n: max-dev=1.192e-07 mean=1.654e-08 n>1e-4=0 n>1e-2=0
21:05:25 [ScnDense] [NDRIFT] img 100: |R*R.t()-I|=6.438e-16  raw |n|: max-dev=1.192e-07 mean=1.518e-08 n>1e-4=0/455744  rot R.t()*n: max-dev=1.192e-07 mean=1.689e-08 n>1e-4=0 n>1e-2=0
21:05:25 [ScnDense] [NDRIFT] img 173: |R*R.t()-I|=7.388e-16  raw |n|: max-dev=1.192e-07 mean=1.435e-08 n>1e-4=0/475630  rot R.t()*n: max-dev=1.192e-07 mean=1.636e-08 n>1e-4=0 n>1e-2=0
21:05:25 [ScnDense] [NDRIFT] img  99: |R*R.t()-I|=7.448e-16  raw |n|: max-dev=1.192e-07 mean=1.537e-08 n>1e-4=0/460215  rot R.t()*n: max-dev=1.192e-07 mean=1.657e-08 n>1e-4=0 n>1e-2=0
21:05:26 [ScnDense] [NDRIFT] img 172: |R*R.t()-I|=7.259e-16  raw |n|: max-dev=1.192e-07 mean=1.474e-08 n>1e-4=0/477191  rot R.t()*n: max-dev=1.192e-07 mean=1.635e-08 n>1e-4=0 n>1e-2=0
21:05:26 [ScnDense] [NDRIFT] img  98: |R*R.t()-I|=6.900e-16  raw |n|: max-dev=1.192e-07 mean=1.525e-08 n>1e-4=0/469784  rot R.t()*n: max-dev=1.192e-07 mean=1.633e-08 n>1e-4=0 n>1e-2=0
21:05:26 [ScnDense] [NDRIFT] img  97: |R*R.t()-I|=5.266e-16  raw |n|: max-dev=1.192e-07 mean=1.466e-08 n>1e-4=0/464235  rot R.t()*n: max-dev=1.192e-07 mean=1.551e-08 n>1e-4=0 n>1e-2=0
21:05:26 [ScnDense] [NDRIFT] img 171: |R*R.t()-I|=2.858e-16  raw |n|: max-dev=1.192e-07 mean=1.476e-08 n>1e-4=0/484117  rot R.t()*n: max-dev=1.192e-07 mean=1.614e-08 n>1e-4=0 n>1e-2=0
21:05:27 [ScnDense] [NDRIFT] img 206: |R*R.t()-I|=7.065e-16  raw |n|: max-dev=1.192e-07 mean=1.523e-08 n>1e-4=0/494278  rot R.t()*n: max-dev=1.192e-07 mean=1.604e-08 n>1e-4=0 n>1e-2=0
21:05:27 [ScnDense] [NDRIFT] img 207: |R*R.t()-I|=4.510e-16  raw |n|: max-dev=1.192e-07 mean=1.464e-08 n>1e-4=0/493405  rot R.t()*n: max-dev=1.192e-07 mean=1.569e-08 n>1e-4=0 n>1e-2=0
21:05:27 [ScnDense] [NDRIFT] img  14: |R*R.t()-I|=3.331e-16  raw |n|: max-dev=1.192e-07 mean=1.442e-08 n>1e-4=0/482987  rot R.t()*n: max-dev=1.192e-07 mean=1.582e-08 n>1e-4=0 n>1e-2=0
21:05:28 [ScnDense] [NDRIFT] img 138: |R*R.t()-I|=5.171e-16  raw |n|: max-dev=2.384e-07 mean=1.441e-08 n>1e-4=0/496626  rot R.t()*n: max-dev=2.384e-07 mean=1.652e-08 n>1e-4=0 n>1e-2=0
21:05:28 [ScnDense] [NDRIFT] img  15: |R*R.t()-I|=8.644e-16  raw |n|: max-dev=1.192e-07 mean=1.447e-08 n>1e-4=0/482888  rot R.t()*n: max-dev=1.192e-07 mean=1.548e-08 n>1e-4=0 n>1e-2=0
21:05:28 [ScnDense] [NDRIFT] img  16: |R*R.t()-I|=4.727e-16  raw |n|: max-dev=1.192e-07 mean=1.510e-08 n>1e-4=0/475291  rot R.t()*n: max-dev=1.192e-07 mean=1.578e-08 n>1e-4=0 n>1e-2=0
21:05:29 [ScnDense] [NDRIFT] img 139: |R*R.t()-I|=3.871e-16  raw |n|: max-dev=1.309e-02 mean=1.462e-07 n>1e-4=5/496378  rot R.t()*n: max-dev=1.309e-02 mean=1.474e-07 n>1e-4=5 n>1e-2=5
21:05:29 [ScnDense] [NDRIFT] img 209: |R*R.t()-I|=6.889e-16  raw |n|: max-dev=1.192e-07 mean=1.516e-08 n>1e-4=0/497753  rot R.t()*n: max-dev=1.192e-07 mean=1.586e-08 n>1e-4=0 n>1e-2=0
21:05:29 [ScnDense] [NDRIFT] img  17: |R*R.t()-I|=4.965e-16  raw |n|: max-dev=1.192e-07 mean=1.546e-08 n>1e-4=0/470003  rot R.t()*n: max-dev=1.192e-07 mean=1.617e-08 n>1e-4=0 n>1e-2=0
21:05:30 [ScnDense] [NDRIFT] img  18: |R*R.t()-I|=6.185e-16  raw |n|: max-dev=1.192e-07 mean=1.562e-08 n>1e-4=0/477992  rot R.t()*n: max-dev=1.192e-07 mean=1.694e-08 n>1e-4=0 n>1e-2=0
21:05:30 [ScnDense] [NDRIFT] img  19: |R*R.t()-I|=4.428e-16  raw |n|: max-dev=1.192e-07 mean=1.537e-08 n>1e-4=0/493182  rot R.t()*n: max-dev=1.192e-07 mean=1.691e-08 n>1e-4=0 n>1e-2=0
21:05:30 [ScnDense] [NDRIFT] img  20: |R*R.t()-I|=8.953e-16  raw |n|: max-dev=1.192e-07 mean=1.525e-08 n>1e-4=0/497447  rot R.t()*n: max-dev=1.192e-07 mean=1.701e-08 n>1e-4=0 n>1e-2=0
21:05:31 [ScnDense] [NDRIFT] img  42: |R*R.t()-I|=6.357e-16  raw |n|: max-dev=1.192e-07 mean=1.574e-08 n>1e-4=0/498026  rot R.t()*n: max-dev=1.192e-07 mean=1.664e-08 n>1e-4=0 n>1e-2=0
21:05:31 [ScnDense] [NDRIFT] img  43: |R*R.t()-I|=1.138e-15  raw |n|: max-dev=1.192e-07 mean=1.582e-08 n>1e-4=0/495758  rot R.t()*n: max-dev=1.192e-07 mean=1.710e-08 n>1e-4=0 n>1e-2=0
21:05:31 [ScnDense] [NDRIFT] img  44: |R*R.t()-I|=7.772e-16  raw |n|: max-dev=1.192e-07 mean=1.553e-08 n>1e-4=0/500705  rot R.t()*n: max-dev=1.192e-07 mean=1.727e-08 n>1e-4=0 n>1e-2=0
21:05:31 [ScnDense] [NDRIFT] img 208: |R*R.t()-I|=5.715e-16  raw |n|: max-dev=1.192e-07 mean=1.506e-08 n>1e-4=0/495357  rot R.t()*n: max-dev=1.192e-07 mean=1.568e-08 n>1e-4=0 n>1e-2=0
21:05:32 [ScnDense] [NDRIFT] img  21: |R*R.t()-I|=6.181e-16  raw |n|: max-dev=1.192e-07 mean=1.508e-08 n>1e-4=0/496726  rot R.t()*n: max-dev=1.192e-07 mean=1.738e-08 n>1e-4=0 n>1e-2=0
21:05:32 [ScnDense] [NDRIFT] img  22: |R*R.t()-I|=1.436e-15  raw |n|: max-dev=1.192e-07 mean=1.501e-08 n>1e-4=0/495940  rot R.t()*n: max-dev=1.192e-07 mean=1.751e-08 n>1e-4=0 n>1e-2=0
21:05:32 [ScnDense] [NDRIFT] img  23: |R*R.t()-I|=4.619e-16  raw |n|: max-dev=1.192e-07 mean=1.456e-08 n>1e-4=0/494832  rot R.t()*n: max-dev=1.192e-07 mean=1.738e-08 n>1e-4=0 n>1e-2=0
21:05:32 [ScnDense] [NDRIFT] img  41: |R*R.t()-I|=8.680e-16  raw |n|: max-dev=1.788e-07 mean=1.539e-08 n>1e-4=0/490981  rot R.t()*n: max-dev=1.788e-07 mean=1.643e-08 n>1e-4=0 n>1e-2=0
21:05:32 [ScnDense] [NDRIFT] img  45: |R*R.t()-I|=4.177e-16  raw |n|: max-dev=1.192e-07 mean=1.518e-08 n>1e-4=0/500429  rot R.t()*n: max-dev=1.192e-07 mean=1.761e-08 n>1e-4=0 n>1e-2=0
21:05:32 [ScnDense] [NDRIFT] img  46: |R*R.t()-I|=9.710e-16  raw |n|: max-dev=1.192e-07 mean=1.521e-08 n>1e-4=0/500635  rot R.t()*n: max-dev=1.192e-07 mean=1.760e-08 n>1e-4=0 n>1e-2=0
21:05:32 [ScnDense] [NDRIFT] img  40: |R*R.t()-I|=5.281e-16  raw |n|: max-dev=1.192e-07 mean=1.517e-08 n>1e-4=0/498355  rot R.t()*n: max-dev=2.384e-07 mean=1.612e-08 n>1e-4=0 n>1e-2=0
21:05:33 [ScnDense] [NDRIFT] img 140: |R*R.t()-I|=2.255e-16  raw |n|: max-dev=1.192e-07 mean=1.452e-08 n>1e-4=0/493725  rot R.t()*n: max-dev=1.192e-07 mean=1.525e-08 n>1e-4=0 n>1e-2=0
21:05:33 [ScnDense] [NDRIFT] img 210: |R*R.t()-I|=2.513e-16  raw |n|: max-dev=1.192e-07 mean=1.497e-08 n>1e-4=0/496972  rot R.t()*n: max-dev=1.192e-07 mean=1.556e-08 n>1e-4=0 n>1e-2=0
21:05:33 [ScnDense] [NDRIFT] img  39: |R*R.t()-I|=4.228e-16  raw |n|: max-dev=1.192e-07 mean=1.494e-08 n>1e-4=0/498003  rot R.t()*n: max-dev=1.192e-07 mean=1.606e-08 n>1e-4=0 n>1e-2=0
21:05:33 [ScnDense] [NDRIFT] img 211: |R*R.t()-I|=4.121e-16  raw |n|: max-dev=1.192e-07 mean=1.469e-08 n>1e-4=0/497817  rot R.t()*n: max-dev=1.192e-07 mean=1.550e-08 n>1e-4=0 n>1e-2=0
21:05:33 [ScnDense] [NDRIFT] img  38: |R*R.t()-I|=3.354e-16  raw |n|: max-dev=1.192e-07 mean=1.485e-08 n>1e-4=0/497554  rot R.t()*n: max-dev=1.788e-07 mean=1.558e-08 n>1e-4=0 n>1e-2=0
21:05:34 [ScnDense] [NDRIFT] img  47: |R*R.t()-I|=4.318e-16  raw |n|: max-dev=1.192e-07 mean=1.499e-08 n>1e-4=0/499499  rot R.t()*n: max-dev=1.192e-07 mean=1.767e-08 n>1e-4=0 n>1e-2=0
21:05:34 [ScnDense] [NDRIFT] img 212: |R*R.t()-I|=9.264e-16  raw |n|: max-dev=1.192e-07 mean=1.440e-08 n>1e-4=0/495373  rot R.t()*n: max-dev=1.192e-07 mean=1.545e-08 n>1e-4=0 n>1e-2=0
21:05:34 [ScnDense] [NDRIFT] img  37: |R*R.t()-I|=5.661e-16  raw |n|: max-dev=1.192e-07 mean=1.420e-08 n>1e-4=0/495171  rot R.t()*n: max-dev=1.192e-07 mean=1.578e-08 n>1e-4=0 n>1e-2=0
21:05:35 [ScnDense] [NDRIFT] img  36: |R*R.t()-I|=5.499e-16  raw |n|: max-dev=1.192e-07 mean=1.423e-08 n>1e-4=0/494469  rot R.t()*n: max-dev=1.192e-07 mean=1.646e-08 n>1e-4=0 n>1e-2=0
21:05:35 [ScnDense] [NDRIFT] img  48: |R*R.t()-I|=5.428e-16  raw |n|: max-dev=1.192e-07 mean=1.482e-08 n>1e-4=0/498357  rot R.t()*n: max-dev=1.192e-07 mean=1.739e-08 n>1e-4=0 n>1e-2=0
21:05:35 [ScnDense] [NDRIFT] img 213: |R*R.t()-I|=5.122e-16  raw |n|: max-dev=1.192e-07 mean=1.396e-08 n>1e-4=0/493465  rot R.t()*n: max-dev=1.192e-07 mean=1.562e-08 n>1e-4=0 n>1e-2=0
21:05:35 [ScnDense] [NDRIFT] img 214: |R*R.t()-I|=7.065e-16  raw |n|: max-dev=1.192e-07 mean=1.343e-08 n>1e-4=0/493713  rot R.t()*n: max-dev=1.192e-07 mean=1.513e-08 n>1e-4=0 n>1e-2=0
21:05:36 [ScnDense] [NDRIFT] img  35: |R*R.t()-I|=7.044e-16  raw |n|: max-dev=1.192e-07 mean=1.412e-08 n>1e-4=0/494727  rot R.t()*n: max-dev=1.192e-07 mean=1.686e-08 n>1e-4=0 n>1e-2=0
21:05:36 [ScnDense] [NDRIFT] img  49: |R*R.t()-I|=5.703e-16  raw |n|: max-dev=1.192e-07 mean=1.446e-08 n>1e-4=0/495567  rot R.t()*n: max-dev=1.192e-07 mean=1.724e-08 n>1e-4=0 n>1e-2=0
21:05:36 [ScnDense] [NDRIFT] img  50: |R*R.t()-I|=6.321e-16  raw |n|: max-dev=1.192e-07 mean=1.456e-08 n>1e-4=0/496439  rot R.t()*n: max-dev=1.192e-07 mean=1.723e-08 n>1e-4=0 n>1e-2=0
21:05:36 [ScnDense] [NDRIFT] img  34: |R*R.t()-I|=1.527e-16  raw |n|: max-dev=1.095e-01 mean=2.373e-07 n>1e-4=1/490813  rot R.t()*n: max-dev=1.095e-01 mean=2.401e-07 n>1e-4=1 n>1e-2=1
21:05:36 [ScnDense] [NDRIFT] img 141: |R*R.t()-I|=5.046e-16  raw |n|: max-dev=1.192e-07 mean=1.419e-08 n>1e-4=0/493271  rot R.t()*n: max-dev=1.192e-07 mean=1.510e-08 n>1e-4=0 n>1e-2=0
21:05:37 [ScnDense] [NDRIFT] img  24: |R*R.t()-I|=8.041e-16  raw |n|: max-dev=1.192e-07 mean=1.420e-08 n>1e-4=0/494843  rot R.t()*n: max-dev=1.192e-07 mean=1.717e-08 n>1e-4=0 n>1e-2=0
21:05:37 [ScnDense] [NDRIFT] img 142: |R*R.t()-I|=7.522e-16  raw |n|: max-dev=1.192e-07 mean=1.281e-08 n>1e-4=0/488893  rot R.t()*n: max-dev=1.192e-07 mean=1.516e-08 n>1e-4=0 n>1e-2=0
21:05:37 [ScnDense] [NDRIFT] img 143: |R*R.t()-I|=4.719e-16  raw |n|: max-dev=1.192e-07 mean=1.350e-08 n>1e-4=0/492879  rot R.t()*n: max-dev=1.192e-07 mean=1.604e-08 n>1e-4=0 n>1e-2=0
21:05:37 [ScnDense] [NDRIFT] img  25: |R*R.t()-I|=5.817e-16  raw |n|: max-dev=1.192e-07 mean=1.463e-08 n>1e-4=0/496955  rot R.t()*n: max-dev=1.192e-07 mean=1.736e-08 n>1e-4=0 n>1e-2=0
21:05:38 [ScnDense] [NDRIFT] img 144: |R*R.t()-I|=7.739e-16  raw |n|: max-dev=1.192e-07 mean=1.389e-08 n>1e-4=0/491764  rot R.t()*n: max-dev=1.192e-07 mean=1.686e-08 n>1e-4=0 n>1e-2=0
21:05:38 [ScnDense] [NDRIFT] img  26: |R*R.t()-I|=1.064e-15  raw |n|: max-dev=1.192e-07 mean=1.497e-08 n>1e-4=0/495815  rot R.t()*n: max-dev=1.192e-07 mean=1.736e-08 n>1e-4=0 n>1e-2=0
21:05:38 [ScnDense] [NDRIFT] img 145: |R*R.t()-I|=3.467e-16  raw |n|: max-dev=1.192e-07 mean=1.452e-08 n>1e-4=0/497345  rot R.t()*n: max-dev=1.192e-07 mean=1.709e-08 n>1e-4=0 n>1e-2=0
21:05:38 [ScnDense] [NDRIFT] img  27: |R*R.t()-I|=7.216e-16  raw |n|: max-dev=1.192e-07 mean=1.488e-08 n>1e-4=0/496567  rot R.t()*n: max-dev=1.192e-07 mean=1.698e-08 n>1e-4=0 n>1e-2=0
21:05:39 [ScnDense] [NDRIFT] img  28: |R*R.t()-I|=7.581e-16  raw |n|: max-dev=1.192e-07 mean=1.495e-08 n>1e-4=0/484956  rot R.t()*n: max-dev=1.192e-07 mean=1.696e-08 n>1e-4=0 n>1e-2=0
21:05:39 [ScnDense] [NDRIFT] img 146: |R*R.t()-I|=5.705e-16  raw |n|: max-dev=1.192e-07 mean=1.462e-08 n>1e-4=0/488648  rot R.t()*n: max-dev=1.192e-07 mean=1.690e-08 n>1e-4=0 n>1e-2=0
21:05:39 [ScnDense] [NDRIFT] img  29: |R*R.t()-I|=5.875e-16  raw |n|: max-dev=1.192e-07 mean=1.507e-08 n>1e-4=0/485278  rot R.t()*n: max-dev=1.192e-07 mean=1.708e-08 n>1e-4=0 n>1e-2=0
21:05:40 [ScnDense] [NDRIFT] img  33: |R*R.t()-I|=9.077e-16  raw |n|: max-dev=1.192e-07 mean=1.447e-08 n>1e-4=0/487521  rot R.t()*n: max-dev=1.192e-07 mean=1.693e-08 n>1e-4=0 n>1e-2=0
21:05:40 [ScnDense] [NDRIFT] img 147: |R*R.t()-I|=7.065e-16  raw |n|: max-dev=1.192e-07 mean=1.501e-08 n>1e-4=0/482723  rot R.t()*n: max-dev=1.192e-07 mean=1.707e-08 n>1e-4=0 n>1e-2=0
21:05:40 [ScnDense] [NDRIFT] img  30: |R*R.t()-I|=4.173e-16  raw |n|: max-dev=1.192e-07 mean=1.508e-08 n>1e-4=0/483593  rot R.t()*n: max-dev=1.788e-07 mean=1.706e-08 n>1e-4=0 n>1e-2=0
21:05:40 [ScnDense] [NDRIFT] img 148: |R*R.t()-I|=4.154e-16  raw |n|: max-dev=1.192e-07 mean=1.572e-08 n>1e-4=0/484235  rot R.t()*n: max-dev=1.192e-07 mean=1.754e-08 n>1e-4=0 n>1e-2=0
21:05:40 [ScnDense] [NDRIFT] img  31: |R*R.t()-I|=5.453e-16  raw |n|: max-dev=1.192e-07 mean=1.540e-08 n>1e-4=0/486670  rot R.t()*n: max-dev=1.192e-07 mean=1.724e-08 n>1e-4=0 n>1e-2=0
21:05:41 [ScnDense] [NDRIFT] img  32: |R*R.t()-I|=1.033e-15  raw |n|: max-dev=1.192e-07 mean=1.492e-08 n>1e-4=0/486443  rot R.t()*n: max-dev=1.192e-07 mean=1.712e-08 n>1e-4=0 n>1e-2=0
21:05:41 [ScnDense] [NDRIFT] img 149: |R*R.t()-I|=6.194e-16  raw |n|: max-dev=1.192e-07 mean=1.532e-08 n>1e-4=0/480037  rot R.t()*n: max-dev=1.192e-07 mean=1.720e-08 n>1e-4=0 n>1e-2=0
21:05:41 [ScnDense] [NDRIFT] img  51: |R*R.t()-I|=5.898e-16  raw |n|: max-dev=1.192e-07 mean=1.418e-08 n>1e-4=0/495102  rot R.t()*n: max-dev=1.192e-07 mean=1.706e-08 n>1e-4=0 n>1e-2=0
21:05:41 [ScnDense] [NDRIFT] img 150: |R*R.t()-I|=5.888e-16  raw |n|: max-dev=1.192e-07 mean=1.526e-08 n>1e-4=0/486593  rot R.t()*n: max-dev=1.192e-07 mean=1.741e-08 n>1e-4=0 n>1e-2=0
21:05:42 [ScnDense] [NDRIFT] img 215: |R*R.t()-I|=5.103e-16  raw |n|: max-dev=1.192e-07 mean=1.399e-08 n>1e-4=0/487515  rot R.t()*n: max-dev=1.192e-07 mean=1.481e-08 n>1e-4=0 n>1e-2=0
21:05:42 [ScnDense] [NDRIFT] img 216: |R*R.t()-I|=4.981e-16  raw |n|: max-dev=1.192e-07 mean=1.398e-08 n>1e-4=0/479685  rot R.t()*n: max-dev=1.192e-07 mean=1.511e-08 n>1e-4=0 n>1e-2=0
21:05:42 [ScnDense] [NDRIFT] img 219: |R*R.t()-I|=4.463e-16  raw |n|: max-dev=1.192e-07 mean=1.440e-08 n>1e-4=0/483096  rot R.t()*n: max-dev=1.192e-07 mean=1.601e-08 n>1e-4=0 n>1e-2=0
21:05:42 [ScnDense] [NDRIFT] img 217: |R*R.t()-I|=1.469e-16  raw |n|: max-dev=1.192e-07 mean=1.402e-08 n>1e-4=0/476622  rot R.t()*n: max-dev=1.192e-07 mean=1.528e-08 n>1e-4=0 n>1e-2=0
21:05:43 [ScnDense] [NDRIFT] img 218: |R*R.t()-I|=1.206e-15  raw |n|: max-dev=2.384e-07 mean=1.433e-08 n>1e-4=0/477957  rot R.t()*n: max-dev=2.384e-07 mean=1.549e-08 n>1e-4=0 n>1e-2=0
21:05:43 [ScnDense] [NDRIFT] img  52: |R*R.t()-I|=9.149e-16  raw |n|: max-dev=1.192e-07 mean=1.394e-08 n>1e-4=0/493775  rot R.t()*n: max-dev=1.192e-07 mean=1.702e-08 n>1e-4=0 n>1e-2=0
21:05:43 [ScnDense] [NDRIFT] img 220: |R*R.t()-I|=4.301e-16  raw |n|: max-dev=1.192e-07 mean=1.365e-08 n>1e-4=0/485730  rot R.t()*n: max-dev=1.192e-07 mean=1.633e-08 n>1e-4=0 n>1e-2=0
21:05:43 [ScnDense] [NDRIFT] img 221: |R*R.t()-I|=7.278e-16  raw |n|: max-dev=1.192e-07 mean=1.392e-08 n>1e-4=0/495341  rot R.t()*n: max-dev=1.192e-07 mean=1.704e-08 n>1e-4=0 n>1e-2=0
21:05:43 [ScnDense] [NDRIFT] img  53: |R*R.t()-I|=8.220e-16  raw |n|: max-dev=1.192e-07 mean=1.424e-08 n>1e-4=0/492631  rot R.t()*n: max-dev=1.192e-07 mean=1.724e-08 n>1e-4=0 n>1e-2=0
21:05:44 [ScnDense] [NDRIFT] img 222: |R*R.t()-I|=6.667e-16  raw |n|: max-dev=1.192e-07 mean=1.417e-08 n>1e-4=0/496844  rot R.t()*n: max-dev=1.192e-07 mean=1.728e-08 n>1e-4=0 n>1e-2=0
21:05:44 [ScnDense] [NDRIFT] img 151: |R*R.t()-I|=6.329e-16  raw |n|: max-dev=1.192e-07 mean=1.512e-08 n>1e-4=0/481089  rot R.t()*n: max-dev=1.192e-07 mean=1.739e-08 n>1e-4=0 n>1e-2=0
21:05:44 [ScnDense] [NDRIFT] img  54: |R*R.t()-I|=4.966e-16  raw |n|: max-dev=1.192e-07 mean=1.448e-08 n>1e-4=0/495666  rot R.t()*n: max-dev=1.192e-07 mean=1.736e-08 n>1e-4=0 n>1e-2=0
21:05:44 [ScnDense] [NDRIFT] img 152: |R*R.t()-I|=8.206e-16  raw |n|: max-dev=1.192e-07 mean=1.491e-08 n>1e-4=0/464659  rot R.t()*n: max-dev=1.192e-07 mean=1.744e-08 n>1e-4=0 n>1e-2=0
21:05:45 [ScnDense] [NDRIFT] img 223: |R*R.t()-I|=1.236e-15  raw |n|: max-dev=1.192e-07 mean=1.476e-08 n>1e-4=0/494121  rot R.t()*n: max-dev=1.192e-07 mean=1.753e-08 n>1e-4=0 n>1e-2=0
21:05:45 [ScnDense] [NDRIFT] img  55: |R*R.t()-I|=9.683e-16  raw |n|: max-dev=1.192e-07 mean=1.467e-08 n>1e-4=0/499418  rot R.t()*n: max-dev=1.192e-07 mean=1.751e-08 n>1e-4=0 n>1e-2=0
21:05:45 [ScnDense] [NDRIFT] img  56: |R*R.t()-I|=8.056e-16  raw |n|: max-dev=1.192e-07 mean=1.483e-08 n>1e-4=0/499644  rot R.t()*n: max-dev=1.192e-07 mean=1.770e-08 n>1e-4=0 n>1e-2=0
21:05:45 [ScnDense] [NDRIFT] img 224: |R*R.t()-I|=9.322e-16  raw |n|: max-dev=1.192e-07 mean=1.496e-08 n>1e-4=0/499976  rot R.t()*n: max-dev=1.192e-07 mean=1.757e-08 n>1e-4=0 n>1e-2=0
21:05:46 [ScnDense] [NDRIFT] img 153: |R*R.t()-I|=5.396e-16  raw |n|: max-dev=1.192e-07 mean=1.453e-08 n>1e-4=0/480022  rot R.t()*n: max-dev=1.192e-07 mean=1.761e-08 n>1e-4=0 n>1e-2=0
21:05:46 [ScnDense] [NDRIFT] img  57: |R*R.t()-I|=7.772e-16  raw |n|: max-dev=1.192e-07 mean=1.450e-08 n>1e-4=0/498368  rot R.t()*n: max-dev=1.192e-07 mean=1.725e-08 n>1e-4=0 n>1e-2=0
21:05:46 [ScnDense] [NDRIFT] img 154: |R*R.t()-I|=1.000e-15  raw |n|: max-dev=1.192e-07 mean=1.427e-08 n>1e-4=0/485125  rot R.t()*n: max-dev=1.192e-07 mean=1.735e-08 n>1e-4=0 n>1e-2=0
21:05:46 [ScnDense] [NDRIFT] img 225: |R*R.t()-I|=3.354e-16  raw |n|: max-dev=1.192e-07 mean=1.544e-08 n>1e-4=0/495974  rot R.t()*n: max-dev=1.192e-07 mean=1.784e-08 n>1e-4=0 n>1e-2=0
21:05:47 [ScnDense] [NDRIFT] img  58: |R*R.t()-I|=6.194e-16  raw |n|: max-dev=1.192e-07 mean=1.458e-08 n>1e-4=0/497538  rot R.t()*n: max-dev=1.192e-07 mean=1.730e-08 n>1e-4=0 n>1e-2=0
21:05:47 [ScnDense] [NDRIFT] img 155: |R*R.t()-I|=4.644e-16  raw |n|: max-dev=1.192e-07 mean=1.393e-08 n>1e-4=0/487689  rot R.t()*n: max-dev=1.192e-07 mean=1.700e-08 n>1e-4=0 n>1e-2=0
21:05:47 [ScnDense] [NDRIFT] img 226: |R*R.t()-I|=5.324e-16  raw |n|: max-dev=1.192e-07 mean=1.559e-08 n>1e-4=0/495265  rot R.t()*n: max-dev=1.192e-07 mean=1.763e-08 n>1e-4=0 n>1e-2=0
21:05:47 [ScnDense] [NDRIFT] img  59: |R*R.t()-I|=5.715e-16  raw |n|: max-dev=1.192e-07 mean=1.502e-08 n>1e-4=0/498970  rot R.t()*n: max-dev=1.192e-07 mean=1.747e-08 n>1e-4=0 n>1e-2=0
21:05:48 [ScnDense] [NDRIFT] img 227: |R*R.t()-I|=8.951e-16  raw |n|: max-dev=1.192e-07 mean=1.563e-08 n>1e-4=0/495389  rot R.t()*n: max-dev=1.788e-07 mean=1.757e-08 n>1e-4=0 n>1e-2=0
21:05:48 [ScnDense] [NDRIFT] img  60: |R*R.t()-I|=6.707e-16  raw |n|: max-dev=3.576e-07 mean=1.499e-08 n>1e-4=0/490251  rot R.t()*n: max-dev=4.768e-07 mean=1.704e-08 n>1e-4=0 n>1e-2=0
21:05:48 [ScnDense] [NDRIFT] img  61: |R*R.t()-I|=6.521e-16  raw |n|: max-dev=1.192e-07 mean=1.487e-08 n>1e-4=0/491130  rot R.t()*n: max-dev=1.192e-07 mean=1.727e-08 n>1e-4=0 n>1e-2=0
21:05:48 [ScnDense] [NDRIFT] img 156: |R*R.t()-I|=2.220e-16  raw |n|: max-dev=1.192e-07 mean=1.397e-08 n>1e-4=0/488312  rot R.t()*n: max-dev=1.192e-07 mean=1.681e-08 n>1e-4=0 n>1e-2=0
21:05:49 [ScnDense] [NDRIFT] img 228: |R*R.t()-I|=9.256e-16  raw |n|: max-dev=1.192e-07 mean=1.560e-08 n>1e-4=0/494749  rot R.t()*n: max-dev=1.192e-07 mean=1.759e-08 n>1e-4=0 n>1e-2=0
21:05:49 [ScnDense] [NDRIFT] img  62: |R*R.t()-I|=8.382e-16  raw |n|: max-dev=1.192e-07 mean=1.467e-08 n>1e-4=0/498774  rot R.t()*n: max-dev=1.192e-07 mean=1.673e-08 n>1e-4=0 n>1e-2=0
21:05:49 [ScnDense] [NDRIFT] img 157: |R*R.t()-I|=9.868e-16  raw |n|: max-dev=1.192e-07 mean=1.389e-08 n>1e-4=0/490105  rot R.t()*n: max-dev=1.192e-07 mean=1.653e-08 n>1e-4=0 n>1e-2=0
21:05:49 [ScnDense] [NDRIFT] img 229: |R*R.t()-I|=6.131e-16  raw |n|: max-dev=1.192e-07 mean=1.565e-08 n>1e-4=0/495210  rot R.t()*n: max-dev=1.192e-07 mean=1.765e-08 n>1e-4=0 n>1e-2=0
21:05:49 [ScnDense] [NDRIFT] img  63: |R*R.t()-I|=6.933e-16  raw |n|: max-dev=1.192e-07 mean=1.502e-08 n>1e-4=0/495455  rot R.t()*n: max-dev=1.192e-07 mean=1.711e-08 n>1e-4=0 n>1e-2=0
21:05:50 [ScnDense] [NDRIFT] img 158: |R*R.t()-I|=7.702e-16  raw |n|: max-dev=1.192e-07 mean=1.384e-08 n>1e-4=0/491904  rot R.t()*n: max-dev=1.192e-07 mean=1.690e-08 n>1e-4=0 n>1e-2=0
21:05:50 [ScnDense] [NDRIFT] img 230: |R*R.t()-I|=5.281e-16  raw |n|: max-dev=1.192e-07 mean=1.487e-08 n>1e-4=0/490969  rot R.t()*n: max-dev=1.192e-07 mean=1.712e-08 n>1e-4=0 n>1e-2=0
21:05:50 [ScnDense] [NDRIFT] img  64: |R*R.t()-I|=6.521e-16  raw |n|: max-dev=1.192e-07 mean=1.523e-08 n>1e-4=0/494812  rot R.t()*n: max-dev=1.192e-07 mean=1.745e-08 n>1e-4=0 n>1e-2=0
21:05:51 [ScnDense] [NDRIFT] img 159: |R*R.t()-I|=5.769e-16  raw |n|: max-dev=1.192e-07 mean=1.411e-08 n>1e-4=0/492887  rot R.t()*n: max-dev=1.192e-07 mean=1.691e-08 n>1e-4=0 n>1e-2=0
21:05:51 [ScnDense] [NDRIFT] img 231: |R*R.t()-I|=5.940e-16  raw |n|: max-dev=1.192e-07 mean=1.457e-08 n>1e-4=0/481230  rot R.t()*n: max-dev=1.788e-07 mean=1.694e-08 n>1e-4=0 n>1e-2=0
21:05:51 [ScnDense] [NDRIFT] img  65: |R*R.t()-I|=5.579e-16  raw |n|: max-dev=1.192e-07 mean=1.526e-08 n>1e-4=0/492260  rot R.t()*n: max-dev=1.192e-07 mean=1.735e-08 n>1e-4=0 n>1e-2=0
21:05:51 [ScnDense] [NDRIFT] img 160: |R*R.t()-I|=2.837e-16  raw |n|: max-dev=1.192e-07 mean=1.416e-08 n>1e-4=0/497679  rot R.t()*n: max-dev=1.192e-07 mean=1.718e-08 n>1e-4=0 n>1e-2=0
21:05:51 [ScnDense] [NDRIFT] img  66: |R*R.t()-I|=2.371e-16  raw |n|: max-dev=1.192e-07 mean=1.543e-08 n>1e-4=0/487887  rot R.t()*n: max-dev=1.192e-07 mean=1.739e-08 n>1e-4=0 n>1e-2=0
21:05:52 [ScnDense] [NDRIFT] img 236: |R*R.t()-I|=4.041e-16  raw |n|: max-dev=1.192e-07 mean=1.433e-08 n>1e-4=0/472154  rot R.t()*n: max-dev=1.192e-07 mean=1.703e-08 n>1e-4=0 n>1e-2=0
21:05:52 [ScnDense] [NDRIFT] img 237: |R*R.t()-I|=5.227e-16  raw |n|: max-dev=2.384e-07 mean=1.388e-08 n>1e-4=0/471426  rot R.t()*n: max-dev=2.384e-07 mean=1.661e-08 n>1e-4=0 n>1e-2=0
21:05:53 [ScnDense] [NDRIFT] img 232: |R*R.t()-I|=4.046e-17  raw |n|: max-dev=1.192e-07 mean=1.483e-08 n>1e-4=0/481911  rot R.t()*n: max-dev=1.788e-07 mean=1.725e-08 n>1e-4=0 n>1e-2=0
21:05:53 [ScnDense] [NDRIFT] img 233: |R*R.t()-I|=3.422e-16  raw |n|: max-dev=1.192e-07 mean=1.494e-08 n>1e-4=0/484163  rot R.t()*n: max-dev=1.192e-07 mean=1.728e-08 n>1e-4=0 n>1e-2=0
21:05:53 [ScnDense] [NDRIFT] img 234: |R*R.t()-I|=8.777e-17  raw |n|: max-dev=1.192e-07 mean=1.512e-08 n>1e-4=0/471462  rot R.t()*n: max-dev=1.192e-07 mean=1.738e-08 n>1e-4=0 n>1e-2=0
21:05:53 [ScnDense] [NDRIFT] img 235: |R*R.t()-I|=3.066e-16  raw |n|: max-dev=1.192e-07 mean=1.511e-08 n>1e-4=0/463412  rot R.t()*n: max-dev=1.192e-07 mean=1.731e-08 n>1e-4=0 n>1e-2=0
21:05:53 [ScnDense] [NDRIFT] img 161: |R*R.t()-I|=3.706e-16  raw |n|: max-dev=1.192e-07 mean=1.388e-08 n>1e-4=0/494869  rot R.t()*n: max-dev=1.192e-07 mean=1.726e-08 n>1e-4=0 n>1e-2=0
21:05:53 [ScnDense] [NDRIFT] img  67: |R*R.t()-I|=3.275e-16  raw |n|: max-dev=1.192e-07 mean=1.524e-08 n>1e-4=0/489239  rot R.t()*n: max-dev=1.788e-07 mean=1.740e-08 n>1e-4=0 n>1e-2=0
21:05:54 [ScnDense] [NDRIFT] img 238: |R*R.t()-I|=5.143e-16  raw |n|: max-dev=1.192e-07 mean=1.402e-08 n>1e-4=0/484758  rot R.t()*n: max-dev=1.192e-07 mean=1.678e-08 n>1e-4=0 n>1e-2=0
21:05:54 [ScnDense] [NDRIFT] img 162: |R*R.t()-I|=4.325e-16  raw |n|: max-dev=1.192e-07 mean=1.387e-08 n>1e-4=0/493424  rot R.t()*n: max-dev=1.192e-07 mean=1.709e-08 n>1e-4=0 n>1e-2=0
21:05:54 [ScnDense] [NDRIFT] img  68: |R*R.t()-I|=3.337e-16  raw |n|: max-dev=1.192e-07 mean=1.498e-08 n>1e-4=0/492760  rot R.t()*n: max-dev=1.192e-07 mean=1.725e-08 n>1e-4=0 n>1e-2=0
21:05:54 [ScnDense] [NDRIFT] img  69: |R*R.t()-I|=4.448e-16  raw |n|: max-dev=1.192e-07 mean=1.488e-08 n>1e-4=0/495008  rot R.t()*n: max-dev=1.788e-07 mean=1.729e-08 n>1e-4=0 n>1e-2=0
21:05:55 [ScnDense] [NDRIFT] img 163: |R*R.t()-I|=4.987e-16  raw |n|: max-dev=1.192e-07 mean=1.409e-08 n>1e-4=0/489557  rot R.t()*n: max-dev=1.192e-07 mean=1.663e-08 n>1e-4=0 n>1e-2=0
21:05:55 [ScnDense] [NDRIFT] img 239: |R*R.t()-I|=6.486e-16  raw |n|: max-dev=1.192e-07 mean=1.404e-08 n>1e-4=0/489135  rot R.t()*n: max-dev=1.788e-07 mean=1.658e-08 n>1e-4=0 n>1e-2=0
21:05:56 [ScnDense] [NDRIFT] img  70: |R*R.t()-I|=3.620e-16  raw |n|: max-dev=1.192e-07 mean=1.452e-08 n>1e-4=0/490668  rot R.t()*n: max-dev=1.192e-07 mean=1.709e-08 n>1e-4=0 n>1e-2=0
21:05:56 [ScnDense] [NDRIFT] img 240: |R*R.t()-I|=3.422e-16  raw |n|: max-dev=1.192e-07 mean=1.427e-08 n>1e-4=0/491098  rot R.t()*n: max-dev=1.788e-07 mean=1.665e-08 n>1e-4=0 n>1e-2=0
21:05:56 [ScnDense] [NDRIFT] img 164: |R*R.t()-I|=6.201e-16  raw |n|: max-dev=1.192e-07 mean=1.468e-08 n>1e-4=0/482192  rot R.t()*n: max-dev=1.192e-07 mean=1.715e-08 n>1e-4=0 n>1e-2=0
21:05:56 [ScnDense] [NDRIFT] img  89: |R*R.t()-I|=4.004e-16  raw |n|: max-dev=4.768e-07 mean=1.441e-08 n>1e-4=0/470340  rot R.t()*n: max-dev=4.768e-07 mean=1.680e-08 n>1e-4=0 n>1e-2=0
21:05:57 [ScnDense] [NDRIFT] img  71: |R*R.t()-I|=2.727e-16  raw |n|: max-dev=1.192e-07 mean=1.453e-08 n>1e-4=0/490989  rot R.t()*n: max-dev=1.192e-07 mean=1.705e-08 n>1e-4=0 n>1e-2=0
21:05:57 [ScnDense] [NDRIFT] img 241: |R*R.t()-I|=5.835e-16  raw |n|: max-dev=1.192e-07 mean=1.466e-08 n>1e-4=0/494202  rot R.t()*n: max-dev=1.192e-07 mean=1.679e-08 n>1e-4=0 n>1e-2=0
21:05:57 [ScnDense] [NDRIFT] img  88: |R*R.t()-I|=3.238e-16  raw |n|: max-dev=2.384e-07 mean=1.524e-08 n>1e-4=0/470658  rot R.t()*n: max-dev=2.384e-07 mean=1.743e-08 n>1e-4=0 n>1e-2=0
21:05:57 [ScnDense] [NDRIFT] img  90: |R*R.t()-I|=7.024e-16  raw |n|: max-dev=4.768e-07 mean=1.382e-08 n>1e-4=0/468039  rot R.t()*n: max-dev=4.768e-07 mean=1.629e-08 n>1e-4=0 n>1e-2=0
21:05:58 [ScnDense] [NDRIFT] img  72: |R*R.t()-I|=4.527e-16  raw |n|: max-dev=1.192e-07 mean=1.473e-08 n>1e-4=0/489036  rot R.t()*n: max-dev=1.192e-07 mean=1.715e-08 n>1e-4=0 n>1e-2=0
21:05:58 [ScnDense] [NDRIFT] img 242: |R*R.t()-I|=7.152e-16  raw |n|: max-dev=3.145e-04 mean=1.547e-08 n>1e-4=1/494281  rot R.t()*n: max-dev=3.145e-04 mean=1.746e-08 n>1e-4=1 n>1e-2=0
21:05:58 [ScnDense] [NDRIFT] img 243: |R*R.t()-I|=5.324e-16  raw |n|: max-dev=1.192e-07 mean=1.495e-08 n>1e-4=0/489233  rot R.t()*n: max-dev=1.192e-07 mean=1.666e-08 n>1e-4=0 n>1e-2=0
21:05:58 [ScnDense] [NDRIFT] img  73: |R*R.t()-I|=4.264e-16  raw |n|: max-dev=1.192e-07 mean=1.483e-08 n>1e-4=0/489695  rot R.t()*n: max-dev=1.192e-07 mean=1.730e-08 n>1e-4=0 n>1e-2=0
21:05:59 [ScnDense] [NDRIFT] img  74: |R*R.t()-I|=8.092e-16  raw |n|: max-dev=1.192e-07 mean=1.514e-08 n>1e-4=0/490665  rot R.t()*n: max-dev=1.192e-07 mean=1.743e-08 n>1e-4=0 n>1e-2=0
21:05:59 [ScnDense] [NDRIFT] img  86: |R*R.t()-I|=6.329e-16  raw |n|: max-dev=1.192e-07 mean=1.561e-08 n>1e-4=0/466229  rot R.t()*n: max-dev=1.192e-07 mean=1.760e-08 n>1e-4=0 n>1e-2=0
21:06:00 [ScnDense] [NDRIFT] img 244: |R*R.t()-I|=3.331e-16  raw |n|: max-dev=1.192e-07 mean=1.523e-08 n>1e-4=0/491624  rot R.t()*n: max-dev=1.192e-07 mean=1.701e-08 n>1e-4=0 n>1e-2=0
21:06:00 [ScnDense] [NDRIFT] img  81: |R*R.t()-I|=8.777e-16  raw |n|: max-dev=1.192e-07 mean=1.649e-08 n>1e-4=0/475939  rot R.t()*n: max-dev=1.192e-07 mean=1.815e-08 n>1e-4=0 n>1e-2=0
21:06:00 [ScnDense] [NDRIFT] img  85: |R*R.t()-I|=3.946e-16  raw |n|: max-dev=1.192e-07 mean=1.576e-08 n>1e-4=0/469350  rot R.t()*n: max-dev=1.788e-07 mean=1.766e-08 n>1e-4=0 n>1e-2=0
21:06:00 [ScnDense] [NDRIFT] img 245: |R*R.t()-I|=2.388e-16  raw |n|: max-dev=1.192e-07 mean=1.543e-08 n>1e-4=0/487168  rot R.t()*n: max-dev=1.192e-07 mean=1.714e-08 n>1e-4=0 n>1e-2=0
21:06:01 [ScnDense] [NDRIFT] img  75: |R*R.t()-I|=3.165e-16  raw |n|: max-dev=1.192e-07 mean=1.542e-08 n>1e-4=0/490865  rot R.t()*n: max-dev=1.192e-07 mean=1.755e-08 n>1e-4=0 n>1e-2=0
21:06:01 [ScnDense] [NDRIFT] img  79: |R*R.t()-I|=5.495e-16  raw |n|: max-dev=2.384e-07 mean=1.608e-08 n>1e-4=0/480342  rot R.t()*n: max-dev=2.384e-07 mean=1.799e-08 n>1e-4=0 n>1e-2=0
21:06:01 [ScnDense] [NDRIFT] img  80: |R*R.t()-I|=5.324e-16  raw |n|: max-dev=1.192e-07 mean=1.643e-08 n>1e-4=0/483817  rot R.t()*n: max-dev=1.192e-07 mean=1.801e-08 n>1e-4=0 n>1e-2=0
21:06:01 [ScnDense] [NDRIFT] img  76: |R*R.t()-I|=9.938e-16  raw |n|: max-dev=1.192e-07 mean=1.597e-08 n>1e-4=0/490869  rot R.t()*n: max-dev=1.192e-07 mean=1.796e-08 n>1e-4=0 n>1e-2=0
21:06:02 [ScnDense] [NDRIFT] img  77: |R*R.t()-I|=7.206e-16  raw |n|: max-dev=1.192e-07 mean=1.608e-08 n>1e-4=0/490310  rot R.t()*n: max-dev=1.192e-07 mean=1.816e-08 n>1e-4=0 n>1e-2=0
21:06:02 [ScnDense] [NDRIFT] img  78: |R*R.t()-I|=3.140e-16  raw |n|: max-dev=1.192e-07 mean=1.603e-08 n>1e-4=0/490050  rot R.t()*n: max-dev=1.192e-07 mean=1.792e-08 n>1e-4=0 n>1e-2=0
21:06:02 [ScnDense] [NDRIFT] img  82: |R*R.t()-I|=6.329e-16  raw |n|: max-dev=1.192e-07 mean=1.629e-08 n>1e-4=0/474518  rot R.t()*n: max-dev=1.192e-07 mean=1.762e-08 n>1e-4=0 n>1e-2=0
21:06:02 [ScnDense] [NDRIFT] img  83: |R*R.t()-I|=5.509e-16  raw |n|: max-dev=1.192e-07 mean=1.601e-08 n>1e-4=0/472169  rot R.t()*n: max-dev=1.192e-07 mean=1.785e-08 n>1e-4=0 n>1e-2=0
21:06:02 [ScnDense] [NDRIFT] img  84: |R*R.t()-I|=2.551e-16  raw |n|: max-dev=1.192e-07 mean=1.596e-08 n>1e-4=0/467269  rot R.t()*n: max-dev=1.192e-07 mean=1.762e-08 n>1e-4=0 n>1e-2=0
21:06:02 [ScnDense] [NDRIFT] img 246: |R*R.t()-I|=4.839e-16  raw |n|: max-dev=1.192e-07 mean=1.555e-08 n>1e-4=0/486187  rot R.t()*n: max-dev=1.192e-07 mean=1.701e-08 n>1e-4=0 n>1e-2=0
21:06:02 [ScnDense] [NDRIFT] img 247: |R*R.t()-I|=5.088e-16  raw |n|: max-dev=1.192e-07 mean=1.592e-08 n>1e-4=0/485380  rot R.t()*n: max-dev=1.192e-07 mean=1.714e-08 n>1e-4=0 n>1e-2=0
21:06:02 [ScnDense] [NDRIFT] img 248: |R*R.t()-I|=1.323e-15  raw |n|: max-dev=1.192e-07 mean=1.606e-08 n>1e-4=0/484035  rot R.t()*n: max-dev=1.192e-07 mean=1.744e-08 n>1e-4=0 n>1e-2=0
21:06:02 [ScnDense] [NDRIFT] img 249: |R*R.t()-I|=3.765e-16  raw |n|: max-dev=1.788e-07 mean=1.622e-08 n>1e-4=0/446068  rot R.t()*n: max-dev=1.192e-07 mean=1.743e-08 n>1e-4=0 n>1e-2=0
21:06:02 [ScnDense] [NDRIFT] img 250: |R*R.t()-I|=1.110e-16  raw |n|: max-dev=1.192e-07 mean=1.605e-08 n>1e-4=0/429628  rot R.t()*n: max-dev=1.192e-07 mean=1.719e-08 n>1e-4=0 n>1e-2=0
21:06:02 [ScnDense] [NDRIFT] img  87: |R*R.t()-I|=5.665e-16  raw |n|: max-dev=1.192e-07 mean=1.529e-08 n>1e-4=0/466224  rot R.t()*n: max-dev=1.192e-07 mean=1.750e-08 n>1e-4=0 n>1e-2=0
21:06:03 [ScnDense] [NDRIFT] img  96: |R*R.t()-I|=5.207e-16  raw |n|: max-dev=1.192e-07 mean=1.491e-08 n>1e-4=0/463902  rot R.t()*n: max-dev=1.192e-07 mean=1.595e-08 n>1e-4=0 n>1e-2=0
21:06:03 [ScnDense] [NDRIFT] img  93: |R*R.t()-I|=5.222e-16  raw |n|: max-dev=1.192e-07 mean=1.373e-08 n>1e-4=0/474041  rot R.t()*n: max-dev=1.192e-07 mean=1.588e-08 n>1e-4=0 n>1e-2=0
21:06:03 [ScnDense] [NDRIFT] img  95: |R*R.t()-I|=6.944e-16  raw |n|: max-dev=1.192e-07 mean=1.476e-08 n>1e-4=0/478776  rot R.t()*n: max-dev=1.192e-07 mean=1.629e-08 n>1e-4=0 n>1e-2=0
21:06:04 [ScnDense] [NDRIFT] img 167: |R*R.t()-I|=6.384e-16  raw |n|: max-dev=1.192e-07 mean=1.416e-08 n>1e-4=0/477577  rot R.t()*n: max-dev=1.192e-07 mean=1.655e-08 n>1e-4=0 n>1e-2=0
21:06:04 [ScnDense] [NDRIFT] img  91: |R*R.t()-I|=5.237e-16  raw |n|: max-dev=1.192e-07 mean=1.346e-08 n>1e-4=0/479076  rot R.t()*n: max-dev=1.192e-07 mean=1.575e-08 n>1e-4=0 n>1e-2=0
21:06:04 [ScnDense] [NDRIFT] img  92: |R*R.t()-I|=5.661e-16  raw |n|: max-dev=1.192e-07 mean=1.327e-08 n>1e-4=0/470317  rot R.t()*n: max-dev=1.192e-07 mean=1.567e-08 n>1e-4=0 n>1e-2=0
21:06:04 [ScnDense] [NDRIFT] img  94: |R*R.t()-I|=8.121e-16  raw |n|: max-dev=1.192e-07 mean=1.414e-08 n>1e-4=0/477578  rot R.t()*n: max-dev=1.788e-07 mean=1.610e-08 n>1e-4=0 n>1e-2=0
21:06:04 [ScnDense] [NDRIFT] img 165: |R*R.t()-I|=6.745e-16  raw |n|: max-dev=1.192e-07 mean=1.455e-08 n>1e-4=0/482171  rot R.t()*n: max-dev=1.192e-07 mean=1.709e-08 n>1e-4=0 n>1e-2=0
21:06:04 [ScnDense] [NDRIFT] img 166: |R*R.t()-I|=3.937e-16  raw |n|: max-dev=1.192e-07 mean=1.473e-08 n>1e-4=0/484101  rot R.t()*n: max-dev=1.192e-07 mean=1.698e-08 n>1e-4=0 n>1e-2=0
21:06:04 [ScnDense] [NDRIFT] img 168: |R*R.t()-I|=3.331e-16  raw |n|: max-dev=1.192e-07 mean=1.399e-08 n>1e-4=0/475374  rot R.t()*n: max-dev=1.192e-07 mean=1.627e-08 n>1e-4=0 n>1e-2=0
21:06:04 [ScnDense] [NDRIFT] img 169: |R*R.t()-I|=1.923e-16  raw |n|: max-dev=1.192e-07 mean=1.409e-08 n>1e-4=0/478044  rot R.t()*n: max-dev=1.192e-07 mean=1.541e-08 n>1e-4=0 n>1e-2=0
21:06:05 [ScnDense] [NDRIFT] img 170: |R*R.t()-I|=5.088e-16  raw |n|: max-dev=1.192e-07 mean=1.473e-08 n>1e-4=0/476246  rot R.t()*n: max-dev=1.192e-07 mean=1.538e-08 n>1e-4=0 n>1e-2=0
21:06:05 [ScnDense] Depth-maps dense fused and filtered: 251 depth-maps, 91934275 depths, 6117006 points (7%%), 11.06 hits in 142.44 cached (1m1s250ms)
21:06:05 [App     ] Densifying point-cloud completed: 6117006 points (23m4s559ms)
21:06:06 [PointCld] Point-cloud 'scene_dense.ply' saved: 6117006 points (1s540ms)
21:06:06 [Scene   ] Scene saved in interface format to 'scene_dense.mvs' (104ms):
	251 images (251 calibrated)
	184554 points, 0 vertices, 0 faces
21:06:07 [App     ] MEMORYINFO: {
21:06:07 [App     ] 	PageFaultCount 34548530
21:06:07 [App     ] 	PeakWorkingSetSize 3.93GB
21:06:07 [App     ] 	WorkingSetSize 69.57MB
21:06:07 [App     ] 	QuotaPeakPagedPoolUsage 274.16KB
21:06:07 [App     ] 	QuotaPagedPoolUsage 273.72KB
21:06:07 [App     ] 	QuotaPeakNonPagedPoolUsage 170.01KB
21:06:07 [App     ] 	QuotaNonPagedPoolUsage 35.60KB
21:06:07 [App     ] 	PagefileUsage 60.64MB
21:06:07 [App     ] 	PeakPagefileUsage 4.04GB
21:06:07 [App     ] } ENDINFO
